"TICKET","TRANSACTION DATE","TRANSACTION TYPE","DETAILS","INSTRUMENT","PRICE","UNITS","DIRECTION","SPREAD COST","STOP LOSS","TAKE PROFIT","TRAILING STOP","FINANCING","COMMISSION","CONVERSION RATE","PL","AMOUNT","BALANCE"
"1","2026-06-07 23:38:00 EDT","CREATE","","","","","","","","","","","","","","",""
"2","2026-06-07 23:38:00 EDT","CLIENT_CONFIGURE","","","","","","","","","","","","","","",""
"3","2026-06-07 23:38:02 EDT","TRANSFER_FUNDS","","","","","","","","","","","","","","100000.00","100000.00"
"4","2026-06-08 00:00:01 EDT","MARKET_ORDER","CLIENT_ORDER","GBP/USD","","100000.00","Sell","","1.35339","1.33593","","","","","","",""
"5","2026-06-08 00:00:01 EDT","ORDER_CANCEL","TAKE_PROFIT_ON_FILL_LOSS","","","","","","","","","","","","","",""
"6","2026-06-08 00:00:01 EDT","MARKET_ORDER","CLIENT_ORDER","GBP/USD","","100000.00","Buy","","1.33817","1.34704","","","","","","",""
"7","2026-06-08 00:00:01 EDT","ORDER_CANCEL","STOP_LOSS_ON_FILL_LOSS","","","","","","","","","","","","","",""
"8","2026-06-08 00:00:01 EDT","MARKET_ORDER","CLIENT_ORDER","GBP/USD","","100000.00","Buy","","1.33675","1.35963","","","","","","",""
"9","2026-06-08 00:00:01 EDT","ORDER_CANCEL","STOP_LOSS_ON_FILL_LOSS","","","","","","","","","","","","","",""
"10","2026-06-08 00:00:01 EDT","MARKET_ORDER","CLIENT_ORDER","GBP/USD","","100000.00","Sell","","1.34632","1.33084","","","","","","",""
"11","2026-06-08 00:00:01 EDT","ORDER_FILL","MARKET_ORDER","GBP/USD","1.33402","100000.00","Sell","13.2486","","","","0.00000","0.0000","","0.00000","","100000.00"
"12","2026-06-08 00:00:01 EDT","TAKE_PROFIT_ORDER","ON_FILL","","1.33084","","","","","","","","","","","",""
"13","2026-06-08 00:00:01 EDT","STOP_LOSS_ORDER","ON_FILL","","1.34632","","","","","","","","","","","",""
"14","2026-06-08 00:00:02 EDT","MARKET_ORDER","CLIENT_ORDER","GBP/USD","","100000.00","Sell","","1.34806","1.32496","","","","","","",""
"15","2026-06-08 00:00:02 EDT","ORDER_FILL","MARKET_ORDER","GBP/USD","1.33404","100000.00","Sell","11.8540","","","","0.00000","0.0000","","0.00000","","100000.00"
"16","2026-06-08 00:00:02 EDT","TAKE_PROFIT_ORDER","ON_FILL","","1.32496","","","","","","","","","","","",""
"17","2026-06-08 00:00:02 EDT","STOP_LOSS_ORDER","ON_FILL","","1.34806","","","","","","","","","","","",""
"18","2026-06-08 00:07:46 EDT","MARKET_ORDER","CLIENT_ORDER","GBP/USD","","100000.00","Buy","","","","","","","","","",""
"19","2026-06-08 00:07:46 EDT","ORDER_FILL","MARKET_ORDER","GBP/USD","1.33418","100000.00","Buy","14.6435","","","","0.00000","0.0000","","0.00000","","100000.00"
"20","2026-06-08 00:07:46 EDT","MARKET_ORDER","CLIENT_ORDER","GBP/USD","","100000.00","Buy","","","","","","","","","",""
"21","2026-06-08 00:07:46 EDT","ORDER_FILL","MARKET_ORDER","GBP/USD","1.33418","100000.00","Buy","14.6435","","","","0.00000","0.0000","","0.00000","","100000.00"
"22","2026-06-08 00:07:46 EDT","MARKET_ORDER","CLIENT_ORDER","GBP/USD","","100000.00","Sell","","","","","","","","","",""
"23","2026-06-08 00:07:46 EDT","ORDER_FILL","MARKET_ORDER","GBP/USD","1.33397","100000.00","Sell","14.6435","","","","0.00000","0.0000","","0.00000","","100000.00"
"24","2026-06-08 00:07:47 EDT","MARKET_ORDER","CLIENT_ORDER","GBP/USD","","100000.00","Sell","","","","","","","","","",""
"25","2026-06-08 00:07:47 EDT","ORDER_FILL","MARKET_ORDER","GBP/USD","1.33397","100000.00","Sell","14.6435","","","","0.00000","0.0000","","0.00000","","100000.00"
"26","2026-06-08 00:07:47 EDT","MARKET_ORDER","CLIENT_ORDER","GBP/USD","","100000.00","Buy","","","","","","","","","",""
"27","2026-06-08 00:07:47 EDT","ORDER_FILL","MARKET_ORDER","GBP/USD","1.33418","100000.00","Buy","14.6435","","","","0.00000","0.0000","","0.00000","","100000.00"
"28","2026-06-08 00:07:47 EDT","MARKET_ORDER","CLIENT_ORDER","GBP/USD","","100000.00","Buy","","","","","","","","","",""
"29","2026-06-08 00:07:47 EDT","ORDER_FILL","MARKET_ORDER","GBP/USD","1.33418","100000.00","Buy","14.6435","","","","0.00000","0.0000","","0.00000","","100000.00"
"30","2026-06-08 00:39:45 EDT","MARKET_ORDER","CLIENT_ORDER","GBP/USD","","100000.00","Sell","","","","","","","","","",""
"31","2026-06-08 00:39:45 EDT","ORDER_FILL","MARKET_ORDER","GBP/USD","1.33419","100000.00","Sell","13.2475","","","","0.00000","0.0000","","0.00000","","100000.00"
"32","2026-06-08 00:39:45 EDT","MARKET_ORDER","CLIENT_ORDER","GBP/USD","","100000.00","Sell","","","","","","","","","",""
"33","2026-06-08 00:39:45 EDT","ORDER_FILL","MARKET_ORDER","GBP/USD","1.33419","100000.00","Sell","13.2475","","","","0.00000","0.0000","","0.00000","","100000.00"
"34","2026-06-08 00:39:45 EDT","MARKET_ORDER","CLIENT_ORDER","GBP/USD","","100000.00","Buy","","","","","","","","","",""
"35","2026-06-08 00:39:45 EDT","ORDER_FILL","MARKET_ORDER","GBP/USD","1.33438","100000.00","Buy","13.2475","","","","0.00000","0.0000","","0.00000","","100000.00"
"36","2026-06-08 00:39:45 EDT","MARKET_ORDER","CLIENT_ORDER","GBP/USD","","100000.00","Buy","","","","","","","","","",""
"37","2026-06-08 00:39:45 EDT","ORDER_FILL","MARKET_ORDER","GBP/USD","1.33438","100000.00","Buy","13.2475","","","","0.00000","0.0000","","0.00000","","100000.00"
"38","2026-06-08 00:39:45 EDT","MARKET_ORDER","CLIENT_ORDER","GBP/USD","","100000.00","Sell","","","","","","","","","",""
"39","2026-06-08 00:39:45 EDT","ORDER_FILL","MARKET_ORDER","GBP/USD","1.33419","100000.00","Sell","13.2475","","","","0.00000","0.0000","","0.00000","","100000.00"
"40","2026-06-08 00:39:45 EDT","MARKET_ORDER","CLIENT_ORDER","GBP/USD","","100000.00","Sell","","","","","","","","","",""
"41","2026-06-08 00:39:45 EDT","ORDER_FILL","MARKET_ORDER","GBP/USD","1.33419","100000.00","Sell","13.2475","","","","0.00000","0.0000","","0.00000","","100000.00"
"42","2026-06-08 00:39:45 EDT","MARKET_ORDER","CLIENT_ORDER","GBP/USD","","100000.00","Buy","","","","","","","","","",""
"43","2026-06-08 00:39:45 EDT","ORDER_FILL","MARKET_ORDER","GBP/USD","1.33438","100000.00","Buy","13.2475","","","","0.00000","0.0000","","0.00000","","100000.00"
"44","2026-06-08 00:39:46 EDT","MARKET_ORDER","CLIENT_ORDER","GBP/USD","","100000.00","Sell","","","","","","","","","",""
"45","2026-06-08 00:39:46 EDT","ORDER_FILL","MARKET_ORDER","GBP/USD","1.33419","100000.00","Sell","13.2475","","","","0.00000","0.0000","","0.00000","","100000.00"
"46","2026-06-08 00:39:46 EDT","MARKET_ORDER","CLIENT_ORDER","GBP/USD","","100000.00","Buy","","","","","","","","","",""
"47","2026-06-08 00:39:46 EDT","ORDER_FILL","MARKET_ORDER","GBP/USD","1.33438","100000.00","Buy","13.9447","","","","0.00000","0.0000","","0.00000","","100000.00"
"48","2026-06-08 00:39:46 EDT","MARKET_ORDER","CLIENT_ORDER","GBP/USD","","100000.00","Sell","","","","","","","","","",""
"49","2026-06-08 00:39:46 EDT","ORDER_FILL","MARKET_ORDER","GBP/USD","1.33418","100000.00","Sell","13.9447","","","","0.00000","0.0000","","0.00000","","100000.00"
"50","2026-06-08 00:39:46 EDT","MARKET_ORDER","CLIENT_ORDER","GBP/USD","","100000.00","Buy","","","","","","","","","",""
"51","2026-06-08 00:39:46 EDT","ORDER_FILL","MARKET_ORDER","GBP/USD","1.33438","100000.00","Buy","13.9447","","","","0.00000","0.0000","","0.00000","","100000.00"
"52","2026-06-08 00:39:46 EDT","MARKET_ORDER","CLIENT_ORDER","GBP/USD","","100000.00","Sell","","","","","","","","","",""
"53","2026-06-08 00:39:46 EDT","ORDER_CANCEL","INSUFFICIENT_MARGIN","","","","","","","","","","","","","",""
"54","2026-06-08 00:39:46 EDT","MARKET_ORDER","CLIENT_ORDER","GBP/USD","","100000.00","Buy","","","","","","","","","",""
"55","2026-06-08 00:39:46 EDT","ORDER_FILL","MARKET_ORDER","GBP/USD","1.33440","100000.00","Buy","15.3392","","","","0.00000","0.0000","","0.00000","","100000.00"
"56","2026-06-08 00:39:46 EDT","MARKET_ORDER","CLIENT_ORDER","GBP/USD","","100000.00","Sell","","","","","","","","","",""
"57","2026-06-08 00:39:46 EDT","ORDER_CANCEL","INSUFFICIENT_MARGIN","","","","","","","","","","","","","",""
"58","2026-06-08 00:39:46 EDT","MARKET_ORDER","CLIENT_ORDER","GBP/USD","","100000.00","Sell","","","","","","","","","",""
"59","2026-06-08 00:39:46 EDT","ORDER_CANCEL","INSUFFICIENT_MARGIN","","","","","","","","","","","","","",""
"60","2026-06-08 00:39:46 EDT","MARKET_ORDER","CLIENT_ORDER","GBP/USD","","100000.00","Buy","","","","","","","","","",""
"61","2026-06-08 00:39:46 EDT","ORDER_CANCEL","INSUFFICIENT_MARGIN","","","","","","","","","","","","","",""
"62","2026-06-08 00:39:46 EDT","MARKET_ORDER","CLIENT_ORDER","GBP/USD","","100000.00","Sell","","","","","","","","","",""
"63","2026-06-08 00:39:46 EDT","ORDER_CANCEL","INSUFFICIENT_MARGIN","","","","","","","","","","","","","",""
"64","2026-06-08 00:39:46 EDT","MARKET_ORDER","CLIENT_ORDER","GBP/USD","","100000.00","Buy","","","","","","","","","",""
"65","2026-06-08 00:39:46 EDT","ORDER_CANCEL","INSUFFICIENT_MARGIN","","","","","","","","","","","","","",""
"66","2026-06-08 00:39:46 EDT","MARKET_ORDER","CLIENT_ORDER","GBP/USD","","100000.00","Sell","","","","","","","","","",""
"67","2026-06-08 00:39:46 EDT","ORDER_CANCEL","INSUFFICIENT_MARGIN","","","","","","","","","","","","","",""
"68","2026-06-08 00:39:46 EDT","MARKET_ORDER","CLIENT_ORDER","GBP/USD","","100000.00","Buy","","","","","","","","","",""
"69","2026-06-08 00:39:46 EDT","ORDER_CANCEL","INSUFFICIENT_MARGIN","","","","","","","","","","","","","",""
"70","2026-06-08 00:39:46 EDT","MARKET_ORDER","CLIENT_ORDER","GBP/USD","","100000.00","Buy","","","","","","","","","",""
"71","2026-06-08 00:39:46 EDT","ORDER_CANCEL","INSUFFICIENT_MARGIN","","","","","","","","","","","","","",""
"72","2026-06-08 00:39:46 EDT","MARKET_ORDER","CLIENT_ORDER","GBP/USD","","100000.00","Sell","","","","","","","","","",""
"73","2026-06-08 00:39:46 EDT","ORDER_CANCEL","INSUFFICIENT_MARGIN","","","","","","","","","","","","","",""
"74","2026-06-08 00:39:46 EDT","MARKET_ORDER","CLIENT_ORDER","GBP/USD","","100000.00","Sell","","","","","","","","","",""
"75","2026-06-08 00:39:46 EDT","ORDER_CANCEL","INSUFFICIENT_MARGIN","","","","","","","","","","","","","",""
"76","2026-06-08 00:39:46 EDT","MARKET_ORDER","CLIENT_ORDER","GBP/USD","","100000.00","Buy","","","","","","","","","",""
"77","2026-06-08 00:39:46 EDT","ORDER_CANCEL","INSUFFICIENT_MARGIN","","","","","","","","","","","","","",""
"78","2026-06-08 00:39:47 EDT","MARKET_ORDER","CLIENT_ORDER","GBP/USD","","100000.00","Buy","","","","","","","","","",""
"79","2026-06-08 00:39:47 EDT","ORDER_CANCEL","INSUFFICIENT_MARGIN","","","","","","","","","","","","","",""
"80","2026-06-08 00:39:47 EDT","MARKET_ORDER","CLIENT_ORDER","GBP/USD","","100000.00","Sell","","","","","","","","","",""
"81","2026-06-08 00:39:47 EDT","ORDER_CANCEL","INSUFFICIENT_MARGIN","","","","","","","","","","","","","",""
"82","2026-06-08 00:39:47 EDT","MARKET_ORDER","CLIENT_ORDER","GBP/USD","","100000.00","Sell","","","","","","","","","",""
"83","2026-06-08 00:39:47 EDT","ORDER_CANCEL","INSUFFICIENT_MARGIN","","","","","","","","","","","","","",""
"84","2026-06-08 00:39:47 EDT","MARKET_ORDER","CLIENT_ORDER","GBP/USD","","100000.00","Buy","","","","","","","","","",""
"85","2026-06-08 00:39:47 EDT","ORDER_CANCEL","INSUFFICIENT_MARGIN","","","","","","","","","","","","","",""
"86","2026-06-08 00:39:47 EDT","MARKET_ORDER","CLIENT_ORDER","GBP/USD","","100000.00","Buy","","","","","","","","","",""
"87","2026-06-08 00:39:47 EDT","ORDER_CANCEL","INSUFFICIENT_MARGIN","","","","","","","","","","","","","",""
"88","2026-06-08 00:39:47 EDT","MARKET_ORDER","CLIENT_ORDER","GBP/USD","","100000.00","Sell","","","","","","","","","",""
"89","2026-06-08 00:39:47 EDT","ORDER_CANCEL","INSUFFICIENT_MARGIN","","","","","","","","","","","","","",""
"90","2026-06-08 00:39:47 EDT","MARKET_ORDER","CLIENT_ORDER","GBP/USD","","100000.00","Sell","","","","","","","","","",""
"91","2026-06-08 00:39:47 EDT","ORDER_CANCEL","INSUFFICIENT_MARGIN","","","","","","","","","","","","","",""
"92","2026-06-08 00:39:47 EDT","MARKET_ORDER","CLIENT_ORDER","GBP/USD","","100000.00","Buy","","","","","","","","","",""
"93","2026-06-08 00:39:47 EDT","ORDER_CANCEL","INSUFFICIENT_MARGIN","","","","","","","","","","","","","",""
"94","2026-06-08 00:39:47 EDT","MARKET_ORDER","CLIENT_ORDER","GBP/USD","","100000.00","Buy","","","","","","","","","",""
"95","2026-06-08 00:39:47 EDT","ORDER_CANCEL","INSUFFICIENT_MARGIN","","","","","","","","","","","","","",""
"96","2026-06-08 00:39:47 EDT","MARKET_ORDER","CLIENT_ORDER","GBP/USD","","100000.00","Sell","","","","","","","","","",""
"97","2026-06-08 00:39:47 EDT","ORDER_CANCEL","INSUFFICIENT_MARGIN","","","","","","","","","","","","","",""
"98","2026-06-08 00:39:47 EDT","MARKET_ORDER","CLIENT_ORDER","GBP/USD","","100000.00","Buy","","","","","","","","","",""
"99","2026-06-08 00:39:47 EDT","ORDER_CANCEL","INSUFFICIENT_MARGIN","","","","","","","","","","","","","",""
"100","2026-06-08 00:39:47 EDT","MARKET_ORDER","CLIENT_ORDER","GBP/USD","","100000.00","Sell","","","","","","","","","",""
"101","2026-06-08 00:39:47 EDT","ORDER_CANCEL","INSUFFICIENT_MARGIN","","","","","","","","","","","","","",""
"102","2026-06-08 00:39:47 EDT","MARKET_ORDER","CLIENT_ORDER","GBP/USD","","100000.00","Buy","","","","","","","","","",""
"103","2026-06-08 00:39:47 EDT","ORDER_CANCEL","INSUFFICIENT_MARGIN","","","","","","","","","","","","","",""
"104","2026-06-08 00:39:47 EDT","MARKET_ORDER","CLIENT_ORDER","GBP/USD","","100000.00","Buy","","","","","","","","","",""
"105","2026-06-08 00:39:47 EDT","ORDER_CANCEL","INSUFFICIENT_MARGIN","","","","","","","","","","","","","",""
"106","2026-06-08 00:39:47 EDT","MARKET_ORDER","CLIENT_ORDER","GBP/USD","","100000.00","Sell","","","","","","","","","",""
"107","2026-06-08 00:39:47 EDT","ORDER_CANCEL","INSUFFICIENT_MARGIN","","","","","","","","","","","","","",""
"108","2026-06-08 00:39:47 EDT","MARKET_ORDER","CLIENT_ORDER","GBP/USD","","100000.00","Sell","","","","","","","","","",""
"109","2026-06-08 00:39:47 EDT","ORDER_CANCEL","INSUFFICIENT_MARGIN","","","","","","","","","","","","","",""
"110","2026-06-08 00:39:47 EDT","MARKET_ORDER","CLIENT_ORDER","GBP/USD","","100000.00","Buy","","","","","","","","","",""
"111","2026-06-08 00:39:47 EDT","ORDER_CANCEL","INSUFFICIENT_MARGIN","","","","","","","","","","","","","",""
"112","2026-06-08 00:39:47 EDT","MARKET_ORDER","CLIENT_ORDER","GBP/USD","","100000.00","Sell","","","","","","","","","",""
"113","2026-06-08 00:39:47 EDT","ORDER_CANCEL","INSUFFICIENT_MARGIN","","","","","","","","","","","","","",""
"114","2026-06-08 00:39:47 EDT","MARKET_ORDER","CLIENT_ORDER","GBP/USD","","100000.00","Buy","","","","","","","","","",""
"115","2026-06-08 00:39:47 EDT","ORDER_CANCEL","INSUFFICIENT_MARGIN","","","","","","","","","","","","","",""
"116","2026-06-08 00:39:47 EDT","MARKET_ORDER","CLIENT_ORDER","GBP/USD","","100000.00","Sell","","","","","","","","","",""
"117","2026-06-08 00:39:47 EDT","ORDER_CANCEL","INSUFFICIENT_MARGIN","","","","","","","","","","","","","",""
"118","2026-06-08 00:39:47 EDT","MARKET_ORDER","CLIENT_ORDER","GBP/USD","","100000.00","Sell","","","","","","","","","",""
"119","2026-06-08 00:39:47 EDT","ORDER_CANCEL","INSUFFICIENT_MARGIN","","","","","","","","","","","","","",""
"120","2026-06-08 00:39:47 EDT","MARKET_ORDER","CLIENT_ORDER","GBP/USD","","100000.00","Buy","","","","","","","","","",""
"121","2026-06-08 00:39:47 EDT","ORDER_CANCEL","INSUFFICIENT_MARGIN","","","","","","","","","","","","","",""
"122","2026-06-08 00:39:47 EDT","MARKET_ORDER","CLIENT_ORDER","GBP/USD","","100000.00","Sell","","","","","","","","","",""
"123","2026-06-08 00:39:47 EDT","ORDER_CANCEL","INSUFFICIENT_MARGIN","","","","","","","","","","","","","",""
"124","2026-06-08 00:39:47 EDT","MARKET_ORDER","CLIENT_ORDER","GBP/USD","","100000.00","Sell","","","","","","","","","",""
"125","2026-06-08 00:39:47 EDT","ORDER_CANCEL","INSUFFICIENT_MARGIN","","","","","","","","","","","","","",""
"126","2026-06-08 00:39:47 EDT","MARKET_ORDER","CLIENT_ORDER","GBP/USD","","100000.00","Buy","","","","","","","","","",""
"127","2026-06-08 00:39:47 EDT","ORDER_CANCEL","INSUFFICIENT_MARGIN","","","","","","","","","","","","","",""
"128","2026-06-08 00:39:47 EDT","MARKET_ORDER","CLIENT_ORDER","GBP/USD","","100000.00","Buy","","","","","","","","","",""
"129","2026-06-08 00:39:47 EDT","ORDER_CANCEL","INSUFFICIENT_MARGIN","","","","","","","","","","","","","",""
"130","2026-06-08 00:39:47 EDT","MARKET_ORDER","CLIENT_ORDER","GBP/USD","","100000.00","Buy","","","","","","","","","",""
"131","2026-06-08 00:39:47 EDT","ORDER_CANCEL","INSUFFICIENT_MARGIN","","","","","","","","","","","","","",""
"132","2026-06-08 00:39:47 EDT","MARKET_ORDER","CLIENT_ORDER","GBP/USD","","100000.00","Sell","","","","","","","","","",""
"133","2026-06-08 00:39:47 EDT","ORDER_CANCEL","INSUFFICIENT_MARGIN","","","","","","","","","","","","","",""
"134","2026-06-08 00:39:47 EDT","MARKET_ORDER","CLIENT_ORDER","GBP/USD","","100000.00","Sell","","","","","","","","","",""
"135","2026-06-08 00:39:47 EDT","ORDER_CANCEL","INSUFFICIENT_MARGIN","","","","","","","","","","","","","",""
"136","2026-06-08 00:39:47 EDT","MARKET_ORDER","CLIENT_ORDER","GBP/USD","","100000.00","Buy","","","","","","","","","",""
"137","2026-06-08 00:39:47 EDT","ORDER_CANCEL","INSUFFICIENT_MARGIN","","","","","","","","","","","","","",""
"138","2026-06-08 00:39:48 EDT","MARKET_ORDER","CLIENT_ORDER","GBP/USD","","100000.00","Sell","","","","","","","","","",""
"139","2026-06-08 00:39:48 EDT","ORDER_CANCEL","INSUFFICIENT_MARGIN","","","","","","","","","","","","","",""
"140","2026-06-08 00:39:48 EDT","MARKET_ORDER","CLIENT_ORDER","GBP/USD","","100000.00","Buy","","","","","","","","","",""
"141","2026-06-08 00:39:48 EDT","ORDER_CANCEL","INSUFFICIENT_MARGIN","","","","","","","","","","","","","",""
"142","2026-06-08 00:39:48 EDT","MARKET_ORDER","CLIENT_ORDER","GBP/USD","","100000.00","Buy","","","","","","","","","",""
"143","2026-06-08 00:39:48 EDT","ORDER_CANCEL","INSUFFICIENT_MARGIN","","","","","","","","","","","","","",""
"144","2026-06-08 00:39:48 EDT","MARKET_ORDER","CLIENT_ORDER","GBP/USD","","100000.00","Sell","","","","","","","","","",""
"145","2026-06-08 00:39:48 EDT","ORDER_CANCEL","INSUFFICIENT_MARGIN","","","","","","","","","","","","","",""
"146","2026-06-08 00:39:48 EDT","MARKET_ORDER","CLIENT_ORDER","GBP/USD","","100000.00","Buy","","","","","","","","","",""
"147","2026-06-08 00:39:48 EDT","ORDER_CANCEL","INSUFFICIENT_MARGIN","","","","","","","","","","","","","",""
"148","2026-06-08 00:39:48 EDT","MARKET_ORDER","CLIENT_ORDER","GBP/USD","","100000.00","Sell","","","","","","","","","",""
"149","2026-06-08 00:39:48 EDT","ORDER_CANCEL","INSUFFICIENT_MARGIN","","","","","","","","","","","","","",""
"150","2026-06-08 00:39:48 EDT","MARKET_ORDER","CLIENT_ORDER","GBP/USD","","100000.00","Sell","","","","","","","","","",""
"151","2026-06-08 00:39:48 EDT","ORDER_CANCEL","INSUFFICIENT_MARGIN","","","","","","","","","","","","","",""
"152","2026-06-08 00:39:48 EDT","MARKET_ORDER","CLIENT_ORDER","GBP/USD","","100000.00","Buy","","","","","","","","","",""
"153","2026-06-08 00:39:48 EDT","ORDER_CANCEL","INSUFFICIENT_MARGIN","","","","","","","","","","","","","",""
"154","2026-06-08 00:39:48 EDT","MARKET_ORDER","CLIENT_ORDER","GBP/USD","","100000.00","Buy","","","","","","","","","",""
"155","2026-06-08 00:39:48 EDT","ORDER_CANCEL","INSUFFICIENT_MARGIN","","","","","","","","","","","","","",""
"156","2026-06-08 00:39:48 EDT","MARKET_ORDER","CLIENT_ORDER","GBP/USD","","100000.00","Buy","","","","","","","","","",""
"157","2026-06-08 00:39:48 EDT","ORDER_CANCEL","INSUFFICIENT_MARGIN","","","","","","","","","","","","","",""
"158","2026-06-08 00:39:48 EDT","MARKET_ORDER","CLIENT_ORDER","GBP/USD","","100000.00","Sell","","","","","","","","","",""
"159","2026-06-08 00:39:48 EDT","ORDER_CANCEL","INSUFFICIENT_MARGIN","","","","","","","","","","","","","",""
"160","2026-06-08 00:39:48 EDT","MARKET_ORDER","CLIENT_ORDER","GBP/USD","","100000.00","Sell","","","","","","","","","",""
"161","2026-06-08 00:39:48 EDT","ORDER_CANCEL","INSUFFICIENT_MARGIN","","","","","","","","","","","","","",""
"162","2026-06-08 00:39:48 EDT","MARKET_ORDER","CLIENT_ORDER","GBP/USD","","100000.00","Buy","","","","","","","","","",""
"163","2026-06-08 00:39:48 EDT","ORDER_CANCEL","INSUFFICIENT_MARGIN","","","","","","","","","","","","","",""
"164","2026-06-08 00:39:48 EDT","MARKET_ORDER","CLIENT_ORDER","GBP/USD","","100000.00","Sell","","","","","","","","","",""
"165","2026-06-08 00:39:48 EDT","ORDER_CANCEL","INSUFFICIENT_MARGIN","","","","","","","","","","","","","",""
"166","2026-06-08 00:39:48 EDT","MARKET_ORDER","CLIENT_ORDER","GBP/USD","","100000.00","Buy","","","","","","","","","",""
"167","2026-06-08 00:39:48 EDT","ORDER_CANCEL","INSUFFICIENT_MARGIN","","","","","","","","","","","","","",""
"168","2026-06-08 00:39:48 EDT","MARKET_ORDER","CLIENT_ORDER","GBP/USD","","100000.00","Buy","","","","","","","","","",""
"169","2026-06-08 00:39:48 EDT","ORDER_CANCEL","INSUFFICIENT_MARGIN","","","","","","","","","","","","","",""
"170","2026-06-08 00:39:48 EDT","MARKET_ORDER","CLIENT_ORDER","GBP/USD","","100000.00","Sell","","","","","","","","","",""
"171","2026-06-08 00:39:48 EDT","ORDER_CANCEL","INSUFFICIENT_MARGIN","","","","","","","","","","","","","",""
"172","2026-06-08 00:39:48 EDT","MARKET_ORDER","CLIENT_ORDER","GBP/USD","","100000.00","Buy","","","","","","","","","",""
"173","2026-06-08 00:39:48 EDT","ORDER_CANCEL","INSUFFICIENT_MARGIN","","","","","","","","","","","","","",""
"174","2026-06-08 00:39:48 EDT","MARKET_ORDER","CLIENT_ORDER","GBP/USD","","100000.00","Sell","","","","","","","","","",""
"175","2026-06-08 00:39:48 EDT","ORDER_CANCEL","INSUFFICIENT_MARGIN","","","","","","","","","","","","","",""
"176","2026-06-08 00:39:48 EDT","MARKET_ORDER","CLIENT_ORDER","GBP/USD","","100000.00","Sell","","","","","","","","","",""
"177","2026-06-08 00:39:48 EDT","ORDER_CANCEL","INSUFFICIENT_MARGIN","","","","","","","","","","","","","",""
"178","2026-06-08 00:39:48 EDT","MARKET_ORDER","CLIENT_ORDER","GBP/USD","","100000.00","Buy","","","","","","","","","",""
"179","2026-06-08 00:39:48 EDT","ORDER_CANCEL","INSUFFICIENT_MARGIN","","","","","","","","","","","","","",""
"180","2026-06-08 00:39:48 EDT","MARKET_ORDER","CLIENT_ORDER","GBP/USD","","100000.00","Sell","","","","","","","","","",""
"181","2026-06-08 00:39:48 EDT","ORDER_CANCEL","INSUFFICIENT_MARGIN","","","","","","","","","","","","","",""
"182","2026-06-08 00:39:48 EDT","MARKET_ORDER","CLIENT_ORDER","GBP/USD","","100000.00","Buy","","","","","","","","","",""
"183","2026-06-08 00:39:48 EDT","ORDER_CANCEL","INSUFFICIENT_MARGIN","","","","","","","","","","","","","",""
"184","2026-06-08 00:39:48 EDT","MARKET_ORDER","CLIENT_ORDER","GBP/USD","","100000.00","Buy","","","","","","","","","",""
"185","2026-06-08 00:39:48 EDT","ORDER_CANCEL","INSUFFICIENT_MARGIN","","","","","","","","","","","","","",""
"186","2026-06-08 00:39:48 EDT","MARKET_ORDER","CLIENT_ORDER","GBP/USD","","100000.00","Sell","","","","","","","","","",""
"187","2026-06-08 00:39:48 EDT","ORDER_CANCEL","INSUFFICIENT_MARGIN","","","","","","","","","","","","","",""
"188","2026-06-08 00:39:48 EDT","MARKET_ORDER","CLIENT_ORDER","GBP/USD","","100000.00","Buy","","","","","","","","","",""
"189","2026-06-08 00:39:48 EDT","ORDER_CANCEL","INSUFFICIENT_MARGIN","","","","","","","","","","","","","",""
"190","2026-06-08 00:39:48 EDT","MARKET_ORDER","CLIENT_ORDER","GBP/USD","","100000.00","Sell","","","","","","","","","",""
"191","2026-06-08 00:39:48 EDT","ORDER_CANCEL","INSUFFICIENT_MARGIN","","","","","","","","","","","","","",""
"192","2026-06-08 00:39:48 EDT","MARKET_ORDER","CLIENT_ORDER","GBP/USD","","100000.00","Buy","","","","","","","","","",""
"193","2026-06-08 00:39:48 EDT","ORDER_CANCEL","INSUFFICIENT_MARGIN","","","","","","","","","","","","","",""
"194","2026-06-08 00:39:48 EDT","MARKET_ORDER","CLIENT_ORDER","GBP/USD","","100000.00","Sell","","","","","","","","","",""
"195","2026-06-08 00:39:48 EDT","ORDER_CANCEL","INSUFFICIENT_MARGIN","","","","","","","","","","","","","",""
"196","2026-06-08 00:39:48 EDT","MARKET_ORDER","CLIENT_ORDER","GBP/USD","","100000.00","Buy","","","","","","","","","",""
"197","2026-06-08 00:39:48 EDT","ORDER_CANCEL","INSUFFICIENT_MARGIN","","","","","","","","","","","","","",""
"198","2026-06-08 00:39:48 EDT","MARKET_ORDER","CLIENT_ORDER","GBP/USD","","100000.00","Sell","","","","","","","","","",""
"199","2026-06-08 00:39:48 EDT","ORDER_CANCEL","INSUFFICIENT_MARGIN","","","","","","","","","","","","","",""
"200","2026-06-08 00:39:48 EDT","MARKET_ORDER","CLIENT_ORDER","GBP/USD","","100000.00","Sell","","","","","","","","","",""
"201","2026-06-08 00:39:48 EDT","ORDER_CANCEL","INSUFFICIENT_MARGIN","","","","","","","","","","","","","",""
"202","2026-06-08 00:39:48 EDT","MARKET_ORDER","CLIENT_ORDER","GBP/USD","","100000.00","Buy","","","","","","","","","",""
"203","2026-06-08 00:39:48 EDT","ORDER_CANCEL","INSUFFICIENT_MARGIN","","","","","","","","","","","","","",""
"204","2026-06-08 00:39:48 EDT","MARKET_ORDER","CLIENT_ORDER","GBP/USD","","100000.00","Sell","","","","","","","","","",""
"205","2026-06-08 00:39:48 EDT","ORDER_CANCEL","INSUFFICIENT_MARGIN","","","","","","","","","","","","","",""
"206","2026-06-08 00:39:48 EDT","MARKET_ORDER","CLIENT_ORDER","GBP/USD","","100000.00","Sell","","","","","","","","","",""
"207","2026-06-08 00:39:48 EDT","ORDER_CANCEL","INSUFFICIENT_MARGIN","","","","","","","","","","","","","",""
"208","2026-06-08 00:39:48 EDT","MARKET_ORDER","CLIENT_ORDER","GBP/USD","","100000.00","Buy","","","","","","","","","",""
"209","2026-06-08 00:39:48 EDT","ORDER_CANCEL","INSUFFICIENT_MARGIN","","","","","","","","","","","","","",""
"210","2026-06-08 00:39:48 EDT","MARKET_ORDER","CLIENT_ORDER","GBP/USD","","100000.00","Buy","","","","","","","","","",""
"211","2026-06-08 00:39:48 EDT","ORDER_CANCEL","INSUFFICIENT_MARGIN","","","","","","","","","","","","","",""
"212","2026-06-08 00:39:48 EDT","MARKET_ORDER","CLIENT_ORDER","GBP/USD","","100000.00","Buy","","","","","","","","","",""
"213","2026-06-08 00:39:48 EDT","ORDER_CANCEL","INSUFFICIENT_MARGIN","","","","","","","","","","","","","",""
"214","2026-06-08 00:39:48 EDT","MARKET_ORDER","CLIENT_ORDER","GBP/USD","","100000.00","Sell","","","","","","","","","",""
"215","2026-06-08 00:39:48 EDT","ORDER_CANCEL","INSUFFICIENT_MARGIN","","","","","","","","","","","","","",""
"216","2026-06-08 00:39:48 EDT","MARKET_ORDER","CLIENT_ORDER","GBP/USD","","100000.00","Buy","","","","","","","","","",""
"217","2026-06-08 00:39:48 EDT","ORDER_CANCEL","INSUFFICIENT_MARGIN","","","","","","","","","","","","","",""
"218","2026-06-08 00:39:48 EDT","MARKET_ORDER","CLIENT_ORDER","GBP/USD","","100000.00","Buy","","","","","","","","","",""
"219","2026-06-08 00:39:48 EDT","ORDER_CANCEL","INSUFFICIENT_MARGIN","","","","","","","","","","","","","",""
"220","2026-06-08 00:39:48 EDT","MARKET_ORDER","CLIENT_ORDER","GBP/USD","","100000.00","Sell","","","","","","","","","",""
"221","2026-06-08 00:39:48 EDT","ORDER_CANCEL","INSUFFICIENT_MARGIN","","","","","","","","","","","","","",""
"222","2026-06-08 00:39:48 EDT","MARKET_ORDER","CLIENT_ORDER","GBP/USD","","100000.00","Buy","","","","","","","","","",""
"223","2026-06-08 00:39:48 EDT","ORDER_CANCEL","INSUFFICIENT_MARGIN","","","","","","","","","","","","","",""
"224","2026-06-08 00:39:48 EDT","MARKET_ORDER","CLIENT_ORDER","GBP/USD","","100000.00","Buy","","","","","","","","","",""
"225","2026-06-08 00:39:48 EDT","ORDER_CANCEL","INSUFFICIENT_MARGIN","","","","","","","","","","","","","",""
"226","2026-06-08 00:39:48 EDT","MARKET_ORDER","CLIENT_ORDER","GBP/USD","","100000.00","Sell","","","","","","","","","",""
"227","2026-06-08 00:39:48 EDT","ORDER_CANCEL","INSUFFICIENT_MARGIN","","","","","","","","","","","","","",""
"228","2026-06-08 00:39:48 EDT","MARKET_ORDER","CLIENT_ORDER","GBP/USD","","100000.00","Buy","","","","","","","","","",""
"229","2026-06-08 00:39:48 EDT","ORDER_CANCEL","INSUFFICIENT_MARGIN","","","","","","","","","","","","","",""
"230","2026-06-08 00:39:48 EDT","MARKET_ORDER","CLIENT_ORDER","GBP/USD","","100000.00","Sell","","","","","","","","","",""
"231","2026-06-08 00:39:48 EDT","ORDER_CANCEL","INSUFFICIENT_MARGIN","","","","","","","","","","","","","",""
"232","2026-06-08 00:39:48 EDT","MARKET_ORDER","CLIENT_ORDER","GBP/USD","","100000.00","Sell","","","","","","","","","",""
"233","2026-06-08 00:39:48 EDT","ORDER_CANCEL","INSUFFICIENT_MARGIN","","","","","","","","","","","","","",""
"234","2026-06-08 00:39:49 EDT","MARKET_ORDER","CLIENT_ORDER","GBP/USD","","100000.00","Buy","","","","","","","","","",""
"235","2026-06-08 00:39:49 EDT","ORDER_CANCEL","INSUFFICIENT_MARGIN","","","","","","","","","","","","","",""
"236","2026-06-08 00:39:49 EDT","MARKET_ORDER","CLIENT_ORDER","GBP/USD","","100000.00","Sell","","","","","","","","","",""
"237","2026-06-08 00:39:49 EDT","ORDER_CANCEL","INSUFFICIENT_MARGIN","","","","","","","","","","","","","",""
"238","2026-06-08 00:39:49 EDT","MARKET_ORDER","CLIENT_ORDER","GBP/USD","","100000.00","Buy","","","","","","","","","",""
"239","2026-06-08 00:39:49 EDT","ORDER_CANCEL","INSUFFICIENT_MARGIN","","","","","","","","","","","","","",""
"240","2026-06-08 00:39:49 EDT","MARKET_ORDER","CLIENT_ORDER","GBP/USD","","100000.00","Buy","","","","","","","","","",""
"241","2026-06-08 00:39:49 EDT","ORDER_CANCEL","INSUFFICIENT_MARGIN","","","","","","","","","","","","","",""
"242","2026-06-08 00:39:49 EDT","MARKET_ORDER","CLIENT_ORDER","GBP/USD","","100000.00","Buy","","","","","","","","","",""
"243","2026-06-08 00:39:49 EDT","ORDER_CANCEL","INSUFFICIENT_MARGIN","","","","","","","","","","","","","",""
"244","2026-06-08 00:39:49 EDT","MARKET_ORDER","CLIENT_ORDER","GBP/USD","","100000.00","Sell","","","","","","","","","",""
"245","2026-06-08 00:39:49 EDT","ORDER_CANCEL","INSUFFICIENT_MARGIN","","","","","","","","","","","","","",""
"246","2026-06-08 00:39:49 EDT","MARKET_ORDER","CLIENT_ORDER","GBP/USD","","100000.00","Sell","","","","","","","","","",""
"247","2026-06-08 00:39:49 EDT","ORDER_CANCEL","INSUFFICIENT_MARGIN","","","","","","","","","","","","","",""
"248","2026-06-08 00:39:49 EDT","MARKET_ORDER","CLIENT_ORDER","GBP/USD","","100000.00","Sell","","","","","","","","","",""
"249","2026-06-08 00:39:49 EDT","ORDER_CANCEL","INSUFFICIENT_MARGIN","","","","","","","","","","","","","",""
"250","2026-06-08 00:39:49 EDT","MARKET_ORDER","CLIENT_ORDER","GBP/USD","","100000.00","Sell","","","","","","","","","",""
"251","2026-06-08 00:39:49 EDT","ORDER_CANCEL","INSUFFICIENT_MARGIN","","","","","","","","","","","","","",""
"252","2026-06-08 00:39:49 EDT","MARKET_ORDER","CLIENT_ORDER","GBP/USD","","100000.00","Buy","","","","","","","","","",""
"253","2026-06-08 00:39:49 EDT","ORDER_CANCEL","INSUFFICIENT_MARGIN","","","","","","","","","","","","","",""
"254","2026-06-08 00:39:49 EDT","MARKET_ORDER","CLIENT_ORDER","GBP/USD","","100000.00","Buy","","","","","","","","","",""
"255","2026-06-08 00:39:49 EDT","ORDER_CANCEL","INSUFFICIENT_MARGIN","","","","","","","","","","","","","",""
"256","2026-06-08 00:39:49 EDT","MARKET_ORDER","CLIENT_ORDER","GBP/USD","","100000.00","Buy","","","","","","","","","",""
"257","2026-06-08 00:39:49 EDT","ORDER_CANCEL","INSUFFICIENT_MARGIN","","","","","","","","","","","","","",""
"258","2026-06-08 00:39:49 EDT","MARKET_ORDER","CLIENT_ORDER","GBP/USD","","100000.00","Buy","","","","","","","","","",""
"259","2026-06-08 00:39:49 EDT","ORDER_CANCEL","INSUFFICIENT_MARGIN","","","","","","","","","","","","","",""
"260","2026-06-08 00:39:49 EDT","MARKET_ORDER","CLIENT_ORDER","GBP/USD","","100000.00","Sell","","","","","","","","","",""
"261","2026-06-08 00:39:49 EDT","ORDER_CANCEL","INSUFFICIENT_MARGIN","","","","","","","","","","","","","",""
"262","2026-06-08 00:39:49 EDT","MARKET_ORDER","CLIENT_ORDER","GBP/USD","","100000.00","Sell","","","","","","","","","",""
"263","2026-06-08 00:39:49 EDT","ORDER_CANCEL","INSUFFICIENT_MARGIN","","","","","","","","","","","","","",""
"264","2026-06-08 00:39:49 EDT","MARKET_ORDER","CLIENT_ORDER","GBP/USD","","100000.00","Sell","","","","","","","","","",""
"265","2026-06-08 00:39:49 EDT","ORDER_CANCEL","INSUFFICIENT_MARGIN","","","","","","","","","","","","","",""
"266","2026-06-08 00:39:49 EDT","MARKET_ORDER","CLIENT_ORDER","GBP/USD","","100000.00","Buy","","","","","","","","","",""
"267","2026-06-08 00:39:49 EDT","ORDER_CANCEL","INSUFFICIENT_MARGIN","","","","","","","","","","","","","",""
"268","2026-06-08 00:39:49 EDT","MARKET_ORDER","CLIENT_ORDER","GBP/USD","","100000.00","Sell","","","","","","","","","",""
"269","2026-06-08 00:39:49 EDT","ORDER_CANCEL","INSUFFICIENT_MARGIN","","","","","","","","","","","","","",""
"270","2026-06-08 00:39:49 EDT","MARKET_ORDER","CLIENT_ORDER","GBP/USD","","100000.00","Buy","","","","","","","","","",""
"271","2026-06-08 00:39:49 EDT","ORDER_CANCEL","INSUFFICIENT_MARGIN","","","","","","","","","","","","","",""
"272","2026-06-08 00:39:49 EDT","MARKET_ORDER","CLIENT_ORDER","GBP/USD","","100000.00","Buy","","","","","","","","","",""
"273","2026-06-08 00:39:49 EDT","ORDER_CANCEL","INSUFFICIENT_MARGIN","","","","","","","","","","","","","",""
"274","2026-06-08 00:39:49 EDT","MARKET_ORDER","CLIENT_ORDER","GBP/USD","","100000.00","Buy","","","","","","","","","",""
"275","2026-06-08 00:39:49 EDT","ORDER_CANCEL","INSUFFICIENT_MARGIN","","","","","","","","","","","","","",""
"276","2026-06-08 00:39:49 EDT","MARKET_ORDER","CLIENT_ORDER","GBP/USD","","100000.00","Sell","","","","","","","","","",""
"277","2026-06-08 00:39:49 EDT","ORDER_CANCEL","INSUFFICIENT_MARGIN","","","","","","","","","","","","","",""
"278","2026-06-08 00:39:49 EDT","MARKET_ORDER","CLIENT_ORDER","GBP/USD","","100000.00","Sell","","","","","","","","","",""
"279","2026-06-08 00:39:49 EDT","ORDER_CANCEL","INSUFFICIENT_MARGIN","","","","","","","","","","","","","",""
"280","2026-06-08 00:39:49 EDT","MARKET_ORDER","CLIENT_ORDER","GBP/USD","","100000.00","Sell","","","","","","","","","",""
"281","2026-06-08 00:39:49 EDT","ORDER_CANCEL","INSUFFICIENT_MARGIN","","","","","","","","","","","","","",""
"282","2026-06-08 00:39:49 EDT","MARKET_ORDER","CLIENT_ORDER","GBP/USD","","100000.00","Buy","","","","","","","","","",""
"283","2026-06-08 00:39:49 EDT","ORDER_CANCEL","INSUFFICIENT_MARGIN","","","","","","","","","","","","","",""
"284","2026-06-08 00:39:49 EDT","MARKET_ORDER","CLIENT_ORDER","GBP/USD","","100000.00","Buy","","","","","","","","","",""
"285","2026-06-08 00:39:49 EDT","ORDER_CANCEL","INSUFFICIENT_MARGIN","","","","","","","","","","","","","",""
"286","2026-06-08 00:39:49 EDT","MARKET_ORDER","CLIENT_ORDER","GBP/USD","","100000.00","Buy","","","","","","","","","",""
"287","2026-06-08 00:39:49 EDT","ORDER_CANCEL","INSUFFICIENT_MARGIN","","","","","","","","","","","","","",""
"288","2026-06-08 00:39:49 EDT","MARKET_ORDER","CLIENT_ORDER","GBP/USD","","100000.00","Sell","","","","","","","","","",""
"289","2026-06-08 00:39:49 EDT","ORDER_CANCEL","INSUFFICIENT_MARGIN","","","","","","","","","","","","","",""
"290","2026-06-08 00:39:49 EDT","MARKET_ORDER","CLIENT_ORDER","GBP/USD","","100000.00","Sell","","","","","","","","","",""
"291","2026-06-08 00:39:49 EDT","ORDER_CANCEL","INSUFFICIENT_MARGIN","","","","","","","","","","","","","",""
"292","2026-06-08 00:39:49 EDT","MARKET_ORDER","CLIENT_ORDER","GBP/USD","","100000.00","Buy","","","","","","","","","",""
"293","2026-06-08 00:39:49 EDT","ORDER_CANCEL","INSUFFICIENT_MARGIN","","","","","","","","","","","","","",""
"294","2026-06-08 00:39:49 EDT","MARKET_ORDER","CLIENT_ORDER","GBP/USD","","100000.00","Sell","","","","","","","","","",""
"295","2026-06-08 00:39:49 EDT","ORDER_CANCEL","INSUFFICIENT_MARGIN","","","","","","","","","","","","","",""
"296","2026-06-08 00:39:49 EDT","MARKET_ORDER","CLIENT_ORDER","GBP/USD","","100000.00","Sell","","","","","","","","","",""
"297","2026-06-08 00:39:49 EDT","ORDER_CANCEL","INSUFFICIENT_MARGIN","","","","","","","","","","","","","",""
"298","2026-06-08 00:39:49 EDT","MARKET_ORDER","CLIENT_ORDER","GBP/USD","","100000.00","Buy","","","","","","","","","",""
"299","2026-06-08 00:39:49 EDT","ORDER_CANCEL","INSUFFICIENT_MARGIN","","","","","","","","","","","","","",""
"300","2026-06-08 00:39:49 EDT","MARKET_ORDER","CLIENT_ORDER","GBP/USD","","100000.00","Buy","","","","","","","","","",""
"301","2026-06-08 00:39:49 EDT","ORDER_CANCEL","INSUFFICIENT_MARGIN","","","","","","","","","","","","","",""
"302","2026-06-08 00:39:49 EDT","MARKET_ORDER","CLIENT_ORDER","GBP/USD","","100000.00","Buy","","","","","","","","","",""
"303","2026-06-08 00:39:49 EDT","ORDER_CANCEL","INSUFFICIENT_MARGIN","","","","","","","","","","","","","",""
"304","2026-06-08 00:39:49 EDT","MARKET_ORDER","CLIENT_ORDER","GBP/USD","","100000.00","Buy","","","","","","","","","",""
"305","2026-06-08 00:39:49 EDT","ORDER_CANCEL","INSUFFICIENT_MARGIN","","","","","","","","","","","","","",""
"306","2026-06-08 00:39:49 EDT","MARKET_ORDER","CLIENT_ORDER","GBP/USD","","100000.00","Sell","","","","","","","","","",""
"307","2026-06-08 00:39:49 EDT","ORDER_CANCEL","INSUFFICIENT_MARGIN","","","","","","","","","","","","","",""
"308","2026-06-08 00:39:49 EDT","MARKET_ORDER","CLIENT_ORDER","GBP/USD","","100000.00","Sell","","","","","","","","","",""
"309","2026-06-08 00:39:49 EDT","ORDER_CANCEL","INSUFFICIENT_MARGIN","","","","","","","","","","","","","",""
"310","2026-06-08 00:39:49 EDT","MARKET_ORDER","CLIENT_ORDER","GBP/USD","","100000.00","Sell","","","","","","","","","",""
"311","2026-06-08 00:39:49 EDT","ORDER_CANCEL","INSUFFICIENT_MARGIN","","","","","","","","","","","","","",""
"312","2026-06-08 00:39:49 EDT","MARKET_ORDER","CLIENT_ORDER","GBP/USD","","100000.00","Sell","","","","","","","","","",""
"313","2026-06-08 00:39:49 EDT","ORDER_CANCEL","INSUFFICIENT_MARGIN","","","","","","","","","","","","","",""
"314","2026-06-08 00:39:49 EDT","MARKET_ORDER","CLIENT_ORDER","GBP/USD","","100000.00","Sell","","","","","","","","","",""
"315","2026-06-08 00:39:49 EDT","ORDER_CANCEL","INSUFFICIENT_MARGIN","","","","","","","","","","","","","",""
"316","2026-06-08 00:39:49 EDT","MARKET_ORDER","CLIENT_ORDER","GBP/USD","","100000.00","Buy","","","","","","","","","",""
"317","2026-06-08 00:39:49 EDT","ORDER_CANCEL","INSUFFICIENT_MARGIN","","","","","","","","","","","","","",""
"318","2026-06-08 00:39:49 EDT","MARKET_ORDER","CLIENT_ORDER","GBP/USD","","100000.00","Sell","","","","","","","","","",""
"319","2026-06-08 00:39:49 EDT","ORDER_CANCEL","INSUFFICIENT_MARGIN","","","","","","","","","","","","","",""
"320","2026-06-08 00:39:49 EDT","MARKET_ORDER","CLIENT_ORDER","GBP/USD","","100000.00","Buy","","","","","","","","","",""
"321","2026-06-08 00:39:49 EDT","ORDER_CANCEL","INSUFFICIENT_MARGIN","","","","","","","","","","","","","",""
"322","2026-06-08 00:39:49 EDT","MARKET_ORDER","CLIENT_ORDER","GBP/USD","","100000.00","Buy","","","","","","","","","",""
"323","2026-06-08 00:39:49 EDT","ORDER_CANCEL","INSUFFICIENT_MARGIN","","","","","","","","","","","","","",""
"324","2026-06-08 00:39:49 EDT","MARKET_ORDER","CLIENT_ORDER","GBP/USD","","100000.00","Buy","","","","","","","","","",""
"325","2026-06-08 00:39:49 EDT","ORDER_CANCEL","INSUFFICIENT_MARGIN","","","","","","","","","","","","","",""
"326","2026-06-08 00:39:49 EDT","MARKET_ORDER","CLIENT_ORDER","GBP/USD","","100000.00","Buy","","","","","","","","","",""
"327","2026-06-08 00:39:49 EDT","ORDER_CANCEL","INSUFFICIENT_MARGIN","","","","","","","","","","","","","",""
"328","2026-06-08 00:39:50 EDT","MARKET_ORDER","CLIENT_ORDER","GBP/USD","","100000.00","Sell","","","","","","","","","",""
"329","2026-06-08 00:39:50 EDT","ORDER_CANCEL","INSUFFICIENT_MARGIN","","","","","","","","","","","","","",""
"330","2026-06-08 00:39:50 EDT","MARKET_ORDER","CLIENT_ORDER","GBP/USD","","100000.00","Sell","","","","","","","","","",""
"331","2026-06-08 00:39:50 EDT","ORDER_CANCEL","INSUFFICIENT_MARGIN","","","","","","","","","","","","","",""
"332","2026-06-08 00:39:50 EDT","MARKET_ORDER","CLIENT_ORDER","GBP/USD","","100000.00","Sell","","","","","","","","","",""
"333","2026-06-08 00:39:50 EDT","ORDER_CANCEL","INSUFFICIENT_MARGIN","","","","","","","","","","","","","",""
"334","2026-06-08 00:39:50 EDT","MARKET_ORDER","CLIENT_ORDER","GBP/USD","","100000.00","Buy","","","","","","","","","",""
"335","2026-06-08 00:39:50 EDT","ORDER_CANCEL","INSUFFICIENT_MARGIN","","","","","","","","","","","","","",""
"336","2026-06-08 00:39:50 EDT","MARKET_ORDER","CLIENT_ORDER","GBP/USD","","100000.00","Sell","","","","","","","","","",""
"337","2026-06-08 00:39:50 EDT","ORDER_CANCEL","INSUFFICIENT_MARGIN","","","","","","","","","","","","","",""
"338","2026-06-08 00:39:50 EDT","MARKET_ORDER","CLIENT_ORDER","GBP/USD","","100000.00","Sell","","","","","","","","","",""
"339","2026-06-08 00:39:50 EDT","ORDER_CANCEL","INSUFFICIENT_MARGIN","","","","","","","","","","","","","",""
"340","2026-06-08 00:39:50 EDT","MARKET_ORDER","CLIENT_ORDER","GBP/USD","","100000.00","Sell","","","","","","","","","",""
"341","2026-06-08 00:39:50 EDT","ORDER_CANCEL","INSUFFICIENT_MARGIN","","","","","","","","","","","","","",""
"342","2026-06-08 00:39:50 EDT","MARKET_ORDER","CLIENT_ORDER","GBP/USD","","100000.00","Buy","","","","","","","","","",""
"343","2026-06-08 00:39:50 EDT","ORDER_CANCEL","INSUFFICIENT_MARGIN","","","","","","","","","","","","","",""
"344","2026-06-08 00:39:50 EDT","MARKET_ORDER","CLIENT_ORDER","GBP/USD","","100000.00","Buy","","","","","","","","","",""
"345","2026-06-08 00:39:50 EDT","ORDER_CANCEL","INSUFFICIENT_MARGIN","","","","","","","","","","","","","",""
"346","2026-06-08 00:39:50 EDT","MARKET_ORDER","CLIENT_ORDER","GBP/USD","","100000.00","Buy","","","","","","","","","",""
"347","2026-06-08 00:39:50 EDT","ORDER_CANCEL","INSUFFICIENT_MARGIN","","","","","","","","","","","","","",""
"348","2026-06-08 00:39:50 EDT","MARKET_ORDER","CLIENT_ORDER","GBP/USD","","100000.00","Buy","","","","","","","","","",""
"349","2026-06-08 00:39:50 EDT","ORDER_CANCEL","INSUFFICIENT_MARGIN","","","","","","","","","","","","","",""
"350","2026-06-08 00:39:50 EDT","MARKET_ORDER","CLIENT_ORDER","GBP/USD","","100000.00","Buy","","","","","","","","","",""
"351","2026-06-08 00:39:50 EDT","ORDER_CANCEL","INSUFFICIENT_MARGIN","","","","","","","","","","","","","",""
"352","2026-06-08 00:39:50 EDT","MARKET_ORDER","CLIENT_ORDER","GBP/USD","","100000.00","Sell","","","","","","","","","",""
"353","2026-06-08 00:39:50 EDT","ORDER_CANCEL","INSUFFICIENT_MARGIN","","","","","","","","","","","","","",""
"354","2026-06-08 00:39:50 EDT","MARKET_ORDER","CLIENT_ORDER","GBP/USD","","100000.00","Buy","","","","","","","","","",""
"355","2026-06-08 00:39:50 EDT","ORDER_CANCEL","INSUFFICIENT_MARGIN","","","","","","","","","","","","","",""
"356","2026-06-08 00:39:50 EDT","MARKET_ORDER","CLIENT_ORDER","GBP/USD","","100000.00","Buy","","","","","","","","","",""
"357","2026-06-08 00:39:50 EDT","ORDER_CANCEL","INSUFFICIENT_MARGIN","","","","","","","","","","","","","",""
"358","2026-06-08 00:39:50 EDT","MARKET_ORDER","CLIENT_ORDER","GBP/USD","","100000.00","Sell","","","","","","","","","",""
"359","2026-06-08 00:39:50 EDT","ORDER_CANCEL","INSUFFICIENT_MARGIN","","","","","","","","","","","","","",""
"360","2026-06-08 00:39:50 EDT","MARKET_ORDER","CLIENT_ORDER","GBP/USD","","100000.00","Sell","","","","","","","","","",""
"361","2026-06-08 00:39:50 EDT","ORDER_CANCEL","INSUFFICIENT_MARGIN","","","","","","","","","","","","","",""
"362","2026-06-08 00:39:50 EDT","MARKET_ORDER","CLIENT_ORDER","GBP/USD","","100000.00","Buy","","","","","","","","","",""
"363","2026-06-08 00:39:50 EDT","ORDER_CANCEL","INSUFFICIENT_MARGIN","","","","","","","","","","","","","",""
"364","2026-06-08 00:39:50 EDT","MARKET_ORDER","CLIENT_ORDER","GBP/USD","","100000.00","Buy","","","","","","","","","",""
"365","2026-06-08 00:39:50 EDT","ORDER_CANCEL","INSUFFICIENT_MARGIN","","","","","","","","","","","","","",""
"366","2026-06-08 00:39:50 EDT","MARKET_ORDER","CLIENT_ORDER","GBP/USD","","100000.00","Sell","","","","","","","","","",""
"367","2026-06-08 00:39:50 EDT","ORDER_CANCEL","INSUFFICIENT_MARGIN","","","","","","","","","","","","","",""
"368","2026-06-08 00:39:50 EDT","MARKET_ORDER","CLIENT_ORDER","GBP/USD","","100000.00","Sell","","","","","","","","","",""
"369","2026-06-08 00:39:50 EDT","ORDER_CANCEL","INSUFFICIENT_MARGIN","","","","","","","","","","","","","",""
"370","2026-06-08 00:39:50 EDT","MARKET_ORDER","CLIENT_ORDER","GBP/USD","","100000.00","Buy","","","","","","","","","",""
"371","2026-06-08 00:39:50 EDT","ORDER_CANCEL","INSUFFICIENT_MARGIN","","","","","","","","","","","","","",""
"372","2026-06-08 00:39:50 EDT","MARKET_ORDER","CLIENT_ORDER","GBP/USD","","100000.00","Sell","","","","","","","","","",""
"373","2026-06-08 00:39:50 EDT","ORDER_CANCEL","INSUFFICIENT_MARGIN","","","","","","","","","","","","","",""
"374","2026-06-08 00:39:50 EDT","MARKET_ORDER","CLIENT_ORDER","GBP/USD","","100000.00","Buy","","","","","","","","","",""
"375","2026-06-08 00:39:50 EDT","ORDER_CANCEL","INSUFFICIENT_MARGIN","","","","","","","","","","","","","",""
"376","2026-06-08 00:39:50 EDT","MARKET_ORDER","CLIENT_ORDER","GBP/USD","","100000.00","Buy","","","","","","","","","",""
"377","2026-06-08 00:39:50 EDT","ORDER_CANCEL","INSUFFICIENT_MARGIN","","","","","","","","","","","","","",""
"378","2026-06-08 00:39:50 EDT","MARKET_ORDER","CLIENT_ORDER","GBP/USD","","100000.00","Buy","","","","","","","","","",""
"379","2026-06-08 00:39:50 EDT","ORDER_CANCEL","INSUFFICIENT_MARGIN","","","","","","","","","","","","","",""
"380","2026-06-08 00:39:50 EDT","MARKET_ORDER","CLIENT_ORDER","GBP/USD","","100000.00","Sell","","","","","","","","","",""
"381","2026-06-08 00:39:50 EDT","ORDER_CANCEL","INSUFFICIENT_MARGIN","","","","","","","","","","","","","",""
"382","2026-06-08 00:39:50 EDT","MARKET_ORDER","CLIENT_ORDER","GBP/USD","","100000.00","Buy","","","","","","","","","",""
"383","2026-06-08 00:39:50 EDT","ORDER_CANCEL","INSUFFICIENT_MARGIN","","","","","","","","","","","","","",""
"384","2026-06-08 00:39:50 EDT","MARKET_ORDER","CLIENT_ORDER","GBP/USD","","100000.00","Sell","","","","","","","","","",""
"385","2026-06-08 00:39:50 EDT","ORDER_CANCEL","INSUFFICIENT_MARGIN","","","","","","","","","","","","","",""
"386","2026-06-08 00:39:50 EDT","MARKET_ORDER","CLIENT_ORDER","GBP/USD","","100000.00","Sell","","","","","","","","","",""
"387","2026-06-08 00:39:50 EDT","ORDER_CANCEL","INSUFFICIENT_MARGIN","","","","","","","","","","","","","",""
"388","2026-06-08 00:39:50 EDT","MARKET_ORDER","CLIENT_ORDER","GBP/USD","","100000.00","Sell","","","","","","","","","",""
"389","2026-06-08 00:39:50 EDT","ORDER_CANCEL","INSUFFICIENT_MARGIN","","","","","","","","","","","","","",""
"390","2026-06-08 00:39:50 EDT","MARKET_ORDER","CLIENT_ORDER","GBP/USD","","100000.00","Buy","","","","","","","","","",""
"391","2026-06-08 00:39:50 EDT","ORDER_CANCEL","INSUFFICIENT_MARGIN","","","","","","","","","","","","","",""
"392","2026-06-08 00:39:50 EDT","MARKET_ORDER","CLIENT_ORDER","GBP/USD","","100000.00","Sell","","","","","","","","","",""
"393","2026-06-08 00:39:50 EDT","ORDER_CANCEL","INSUFFICIENT_MARGIN","","","","","","","","","","","","","",""
"394","2026-06-08 00:39:50 EDT","MARKET_ORDER","CLIENT_ORDER","GBP/USD","","100000.00","Sell","","","","","","","","","",""
"395","2026-06-08 00:39:50 EDT","ORDER_CANCEL","INSUFFICIENT_MARGIN","","","","","","","","","","","","","",""
"396","2026-06-08 00:39:50 EDT","MARKET_ORDER","CLIENT_ORDER","GBP/USD","","100000.00","Sell","","","","","","","","","",""
"397","2026-06-08 00:39:50 EDT","ORDER_CANCEL","INSUFFICIENT_MARGIN","","","","","","","","","","","","","",""
"398","2026-06-08 00:39:50 EDT","MARKET_ORDER","CLIENT_ORDER","GBP/USD","","100000.00","Buy","","","","","","","","","",""
"399","2026-06-08 00:39:50 EDT","ORDER_CANCEL","INSUFFICIENT_MARGIN","","","","","","","","","","","","","",""
"400","2026-06-08 00:39:50 EDT","MARKET_ORDER","CLIENT_ORDER","GBP/USD","","100000.00","Buy","","","","","","","","","",""
"401","2026-06-08 00:39:50 EDT","ORDER_CANCEL","INSUFFICIENT_MARGIN","","","","","","","","","","","","","",""
"402","2026-06-08 00:39:50 EDT","MARKET_ORDER","CLIENT_ORDER","GBP/USD","","100000.00","Buy","","","","","","","","","",""
"403","2026-06-08 00:39:50 EDT","ORDER_CANCEL","INSUFFICIENT_MARGIN","","","","","","","","","","","","","",""
"404","2026-06-08 00:39:50 EDT","MARKET_ORDER","CLIENT_ORDER","GBP/USD","","100000.00","Buy","","","","","","","","","",""
"405","2026-06-08 00:39:50 EDT","ORDER_CANCEL","INSUFFICIENT_MARGIN","","","","","","","","","","","","","",""
"406","2026-06-08 00:39:50 EDT","MARKET_ORDER","CLIENT_ORDER","GBP/USD","","100000.00","Buy","","","","","","","","","",""
"407","2026-06-08 00:39:50 EDT","ORDER_CANCEL","INSUFFICIENT_MARGIN","","","","","","","","","","","","","",""
"408","2026-06-08 00:39:50 EDT","MARKET_ORDER","CLIENT_ORDER","GBP/USD","","100000.00","Sell","","","","","","","","","",""
"409","2026-06-08 00:39:50 EDT","ORDER_CANCEL","INSUFFICIENT_MARGIN","","","","","","","","","","","","","",""
"410","2026-06-08 00:39:50 EDT","MARKET_ORDER","CLIENT_ORDER","GBP/USD","","100000.00","Sell","","","","","","","","","",""
"411","2026-06-08 00:39:50 EDT","ORDER_CANCEL","INSUFFICIENT_MARGIN","","","","","","","","","","","","","",""
"412","2026-06-08 00:39:50 EDT","MARKET_ORDER","CLIENT_ORDER","GBP/USD","","100000.00","Sell","","","","","","","","","",""
"413","2026-06-08 00:39:50 EDT","ORDER_CANCEL","INSUFFICIENT_MARGIN","","","","","","","","","","","","","",""
"414","2026-06-08 00:39:50 EDT","MARKET_ORDER","CLIENT_ORDER","GBP/USD","","100000.00","Sell","","","","","","","","","",""
"415","2026-06-08 00:39:50 EDT","ORDER_CANCEL","INSUFFICIENT_MARGIN","","","","","","","","","","","","","",""
"416","2026-06-08 00:39:50 EDT","MARKET_ORDER","CLIENT_ORDER","GBP/USD","","100000.00","Buy","","","","","","","","","",""
"417","2026-06-08 00:39:50 EDT","ORDER_CANCEL","INSUFFICIENT_MARGIN","","","","","","","","","","","","","",""
"418","2026-06-08 00:39:50 EDT","MARKET_ORDER","CLIENT_ORDER","GBP/USD","","100000.00","Sell","","","","","","","","","",""
"419","2026-06-08 00:39:50 EDT","ORDER_CANCEL","INSUFFICIENT_MARGIN","","","","","","","","","","","","","",""
"420","2026-06-08 00:39:50 EDT","MARKET_ORDER","CLIENT_ORDER","GBP/USD","","100000.00","Buy","","","","","","","","","",""
"421","2026-06-08 00:39:50 EDT","ORDER_CANCEL","INSUFFICIENT_MARGIN","","","","","","","","","","","","","",""
"422","2026-06-08 00:39:50 EDT","MARKET_ORDER","CLIENT_ORDER","GBP/USD","","100000.00","Buy","","","","","","","","","",""
"423","2026-06-08 00:39:50 EDT","ORDER_CANCEL","INSUFFICIENT_MARGIN","","","","","","","","","","","","","",""
"424","2026-06-08 00:39:50 EDT","MARKET_ORDER","CLIENT_ORDER","GBP/USD","","100000.00","Buy","","","","","","","","","",""
"425","2026-06-08 00:39:50 EDT","ORDER_CANCEL","INSUFFICIENT_MARGIN","","","","","","","","","","","","","",""
"426","2026-06-08 00:39:50 EDT","MARKET_ORDER","CLIENT_ORDER","GBP/USD","","100000.00","Buy","","","","","","","","","",""
"427","2026-06-08 00:39:50 EDT","ORDER_CANCEL","INSUFFICIENT_MARGIN","","","","","","","","","","","","","",""
"428","2026-06-08 00:39:50 EDT","MARKET_ORDER","CLIENT_ORDER","GBP/USD","","100000.00","Buy","","","","","","","","","",""
"429","2026-06-08 00:39:50 EDT","ORDER_CANCEL","INSUFFICIENT_MARGIN","","","","","","","","","","","","","",""
"430","2026-06-08 00:39:50 EDT","MARKET_ORDER","CLIENT_ORDER","GBP/USD","","100000.00","Sell","","","","","","","","","",""
"431","2026-06-08 00:39:50 EDT","ORDER_CANCEL","INSUFFICIENT_MARGIN","","","","","","","","","","","","","",""
"432","2026-06-08 00:39:50 EDT","MARKET_ORDER","CLIENT_ORDER","GBP/USD","","100000.00","Buy","","","","","","","","","",""
"433","2026-06-08 00:39:50 EDT","ORDER_CANCEL","INSUFFICIENT_MARGIN","","","","","","","","","","","","","",""
"434","2026-06-08 00:39:50 EDT","MARKET_ORDER","CLIENT_ORDER","GBP/USD","","100000.00","Sell","","","","","","","","","",""
"435","2026-06-08 00:39:50 EDT","ORDER_CANCEL","INSUFFICIENT_MARGIN","","","","","","","","","","","","","",""
"436","2026-06-08 00:39:50 EDT","MARKET_ORDER","CLIENT_ORDER","GBP/USD","","100000.00","Sell","","","","","","","","","",""
"437","2026-06-08 00:39:50 EDT","ORDER_CANCEL","INSUFFICIENT_MARGIN","","","","","","","","","","","","","",""
"438","2026-06-08 00:39:51 EDT","MARKET_ORDER","CLIENT_ORDER","GBP/USD","","100000.00","Buy","","","","","","","","","",""
"439","2026-06-08 00:39:51 EDT","ORDER_CANCEL","INSUFFICIENT_MARGIN","","","","","","","","","","","","","",""
"440","2026-06-08 00:39:51 EDT","MARKET_ORDER","CLIENT_ORDER","GBP/USD","","100000.00","Sell","","","","","","","","","",""
"441","2026-06-08 00:39:51 EDT","ORDER_CANCEL","INSUFFICIENT_MARGIN","","","","","","","","","","","","","",""
"442","2026-06-08 00:39:51 EDT","MARKET_ORDER","CLIENT_ORDER","GBP/USD","","100000.00","Sell","","","","","","","","","",""
"443","2026-06-08 00:39:51 EDT","ORDER_CANCEL","INSUFFICIENT_MARGIN","","","","","","","","","","","","","",""
"444","2026-06-08 00:39:51 EDT","MARKET_ORDER","CLIENT_ORDER","GBP/USD","","100000.00","Buy","","","","","","","","","",""
"445","2026-06-08 00:39:51 EDT","ORDER_CANCEL","INSUFFICIENT_MARGIN","","","","","","","","","","","","","",""
"446","2026-06-08 00:39:51 EDT","MARKET_ORDER","CLIENT_ORDER","GBP/USD","","100000.00","Buy","","","","","","","","","",""
"447","2026-06-08 00:39:51 EDT","ORDER_CANCEL","INSUFFICIENT_MARGIN","","","","","","","","","","","","","",""
"448","2026-06-08 00:39:51 EDT","MARKET_ORDER","CLIENT_ORDER","GBP/USD","","100000.00","Sell","","","","","","","","","",""
"449","2026-06-08 00:39:51 EDT","ORDER_CANCEL","INSUFFICIENT_MARGIN","","","","","","","","","","","","","",""
"450","2026-06-08 00:39:51 EDT","MARKET_ORDER","CLIENT_ORDER","GBP/USD","","100000.00","Sell","","","","","","","","","",""
"451","2026-06-08 00:39:51 EDT","ORDER_CANCEL","INSUFFICIENT_MARGIN","","","","","","","","","","","","","",""
"452","2026-06-08 00:39:51 EDT","MARKET_ORDER","CLIENT_ORDER","GBP/USD","","100000.00","Buy","","","","","","","","","",""
"453","2026-06-08 00:39:51 EDT","ORDER_CANCEL","INSUFFICIENT_MARGIN","","","","","","","","","","","","","",""
"454","2026-06-08 00:39:51 EDT","MARKET_ORDER","CLIENT_ORDER","GBP/USD","","100000.00","Sell","","","","","","","","","",""
"455","2026-06-08 00:39:51 EDT","ORDER_CANCEL","INSUFFICIENT_MARGIN","","","","","","","","","","","","","",""
"456","2026-06-08 00:39:51 EDT","MARKET_ORDER","CLIENT_ORDER","GBP/USD","","100000.00","Sell","","","","","","","","","",""
"457","2026-06-08 00:39:51 EDT","ORDER_CANCEL","INSUFFICIENT_MARGIN","","","","","","","","","","","","","",""
"458","2026-06-08 00:39:51 EDT","MARKET_ORDER","CLIENT_ORDER","GBP/USD","","100000.00","Buy","","","","","","","","","",""
"459","2026-06-08 00:39:51 EDT","ORDER_CANCEL","INSUFFICIENT_MARGIN","","","","","","","","","","","","","",""
"460","2026-06-08 00:39:51 EDT","MARKET_ORDER","CLIENT_ORDER","GBP/USD","","100000.00","Sell","","","","","","","","","",""
"461","2026-06-08 00:39:51 EDT","ORDER_CANCEL","INSUFFICIENT_MARGIN","","","","","","","","","","","","","",""
"462","2026-06-08 00:39:51 EDT","MARKET_ORDER","CLIENT_ORDER","GBP/USD","","100000.00","Buy","","","","","","","","","",""
"463","2026-06-08 00:39:51 EDT","ORDER_CANCEL","INSUFFICIENT_MARGIN","","","","","","","","","","","","","",""
"464","2026-06-08 00:39:51 EDT","MARKET_ORDER","CLIENT_ORDER","GBP/USD","","100000.00","Buy","","","","","","","","","",""
"465","2026-06-08 00:39:51 EDT","ORDER_CANCEL","INSUFFICIENT_MARGIN","","","","","","","","","","","","","",""
"466","2026-06-08 00:39:51 EDT","MARKET_ORDER","CLIENT_ORDER","GBP/USD","","100000.00","Sell","","","","","","","","","",""
"467","2026-06-08 00:39:51 EDT","ORDER_CANCEL","INSUFFICIENT_MARGIN","","","","","","","","","","","","","",""
"468","2026-06-08 00:39:51 EDT","MARKET_ORDER","CLIENT_ORDER","GBP/USD","","100000.00","Buy","","","","","","","","","",""
"469","2026-06-08 00:39:51 EDT","ORDER_CANCEL","INSUFFICIENT_MARGIN","","","","","","","","","","","","","",""
"470","2026-06-08 00:39:51 EDT","MARKET_ORDER","CLIENT_ORDER","GBP/USD","","100000.00","Sell","","","","","","","","","",""
"471","2026-06-08 00:39:51 EDT","ORDER_CANCEL","INSUFFICIENT_MARGIN","","","","","","","","","","","","","",""
"472","2026-06-08 00:39:51 EDT","MARKET_ORDER","CLIENT_ORDER","GBP/USD","","100000.00","Buy","","","","","","","","","",""
"473","2026-06-08 00:39:51 EDT","ORDER_CANCEL","INSUFFICIENT_MARGIN","","","","","","","","","","","","","",""
"474","2026-06-08 00:39:51 EDT","MARKET_ORDER","CLIENT_ORDER","GBP/USD","","100000.00","Sell","","","","","","","","","",""
"475","2026-06-08 00:39:51 EDT","ORDER_CANCEL","INSUFFICIENT_MARGIN","","","","","","","","","","","","","",""
"476","2026-06-08 00:39:51 EDT","MARKET_ORDER","CLIENT_ORDER","GBP/USD","","100000.00","Buy","","","","","","","","","",""
"477","2026-06-08 00:39:51 EDT","ORDER_CANCEL","INSUFFICIENT_MARGIN","","","","","","","","","","","","","",""
"478","2026-06-08 00:39:51 EDT","MARKET_ORDER","CLIENT_ORDER","GBP/USD","","100000.00","Buy","","","","","","","","","",""
"479","2026-06-08 00:39:51 EDT","ORDER_CANCEL","INSUFFICIENT_MARGIN","","","","","","","","","","","","","",""
"480","2026-06-08 00:39:51 EDT","MARKET_ORDER","CLIENT_ORDER","GBP/USD","","100000.00","Sell","","","","","","","","","",""
"481","2026-06-08 00:39:51 EDT","ORDER_CANCEL","INSUFFICIENT_MARGIN","","","","","","","","","","","","","",""
"482","2026-06-08 00:39:51 EDT","MARKET_ORDER","CLIENT_ORDER","GBP/USD","","100000.00","Buy","","","","","","","","","",""
"483","2026-06-08 00:39:51 EDT","ORDER_CANCEL","INSUFFICIENT_MARGIN","","","","","","","","","","","","","",""
"484","2026-06-08 00:39:51 EDT","MARKET_ORDER","CLIENT_ORDER","GBP/USD","","100000.00","Sell","","","","","","","","","",""
"485","2026-06-08 00:39:51 EDT","ORDER_CANCEL","INSUFFICIENT_MARGIN","","","","","","","","","","","","","",""
"486","2026-06-08 00:39:51 EDT","MARKET_ORDER","CLIENT_ORDER","GBP/USD","","100000.00","Buy","","","","","","","","","",""
"487","2026-06-08 00:39:51 EDT","ORDER_CANCEL","INSUFFICIENT_MARGIN","","","","","","","","","","","","","",""
"488","2026-06-08 00:39:51 EDT","MARKET_ORDER","CLIENT_ORDER","GBP/USD","","100000.00","Sell","","","","","","","","","",""
"489","2026-06-08 00:39:51 EDT","ORDER_CANCEL","INSUFFICIENT_MARGIN","","","","","","","","","","","","","",""
"490","2026-06-08 00:39:51 EDT","MARKET_ORDER","CLIENT_ORDER","GBP/USD","","100000.00","Sell","","","","","","","","","",""
"491","2026-06-08 00:39:51 EDT","ORDER_CANCEL","INSUFFICIENT_MARGIN","","","","","","","","","","","","","",""
"492","2026-06-08 00:39:51 EDT","MARKET_ORDER","CLIENT_ORDER","GBP/USD","","100000.00","Buy","","","","","","","","","",""
"493","2026-06-08 00:39:51 EDT","ORDER_CANCEL","INSUFFICIENT_MARGIN","","","","","","","","","","","","","",""
"494","2026-06-08 00:39:51 EDT","MARKET_ORDER","CLIENT_ORDER","GBP/USD","","100000.00","Buy","","","","","","","","","",""
"495","2026-06-08 00:39:51 EDT","ORDER_CANCEL","INSUFFICIENT_MARGIN","","","","","","","","","","","","","",""
"496","2026-06-08 00:39:51 EDT","MARKET_ORDER","CLIENT_ORDER","GBP/USD","","100000.00","Sell","","","","","","","","","",""
"497","2026-06-08 00:39:51 EDT","ORDER_CANCEL","INSUFFICIENT_MARGIN","","","","","","","","","","","","","",""
"498","2026-06-08 00:39:51 EDT","MARKET_ORDER","CLIENT_ORDER","GBP/USD","","100000.00","Buy","","","","","","","","","",""
"499","2026-06-08 00:39:51 EDT","ORDER_CANCEL","INSUFFICIENT_MARGIN","","","","","","","","","","","","","",""
"500","2026-06-08 00:39:51 EDT","MARKET_ORDER","CLIENT_ORDER","GBP/USD","","100000.00","Sell","","","","","","","","","",""
"501","2026-06-08 00:39:51 EDT","ORDER_CANCEL","INSUFFICIENT_MARGIN","","","","","","","","","","","","","",""
"502","2026-06-08 00:39:51 EDT","MARKET_ORDER","CLIENT_ORDER","GBP/USD","","100000.00","Buy","","","","","","","","","",""
"503","2026-06-08 00:39:51 EDT","ORDER_CANCEL","INSUFFICIENT_MARGIN","","","","","","","","","","","","","",""
"504","2026-06-08 00:39:51 EDT","MARKET_ORDER","CLIENT_ORDER","GBP/USD","","100000.00","Sell","","","","","","","","","",""
"505","2026-06-08 00:39:51 EDT","ORDER_CANCEL","INSUFFICIENT_MARGIN","","","","","","","","","","","","","",""
"506","2026-06-08 00:39:51 EDT","MARKET_ORDER","CLIENT_ORDER","GBP/USD","","100000.00","Sell","","","","","","","","","",""
"507","2026-06-08 00:39:51 EDT","ORDER_CANCEL","INSUFFICIENT_MARGIN","","","","","","","","","","","","","",""
"508","2026-06-08 00:39:51 EDT","MARKET_ORDER","CLIENT_ORDER","GBP/USD","","100000.00","Buy","","","","","","","","","",""
"509","2026-06-08 00:39:51 EDT","ORDER_CANCEL","INSUFFICIENT_MARGIN","","","","","","","","","","","","","",""
"510","2026-06-08 00:39:51 EDT","MARKET_ORDER","CLIENT_ORDER","GBP/USD","","100000.00","Sell","","","","","","","","","",""
"511","2026-06-08 00:39:51 EDT","ORDER_CANCEL","INSUFFICIENT_MARGIN","","","","","","","","","","","","","",""
"512","2026-06-08 00:39:51 EDT","MARKET_ORDER","CLIENT_ORDER","GBP/USD","","100000.00","Buy","","","","","","","","","",""
"513","2026-06-08 00:39:51 EDT","ORDER_CANCEL","INSUFFICIENT_MARGIN","","","","","","","","","","","","","",""
"514","2026-06-08 00:39:51 EDT","MARKET_ORDER","CLIENT_ORDER","GBP/USD","","100000.00","Sell","","","","","","","","","",""
"515","2026-06-08 00:39:51 EDT","ORDER_CANCEL","INSUFFICIENT_MARGIN","","","","","","","","","","","","","",""
"516","2026-06-08 00:39:51 EDT","MARKET_ORDER","CLIENT_ORDER","GBP/USD","","100000.00","Buy","","","","","","","","","",""
"517","2026-06-08 00:39:51 EDT","ORDER_CANCEL","INSUFFICIENT_MARGIN","","","","","","","","","","","","","",""
"518","2026-06-08 00:39:51 EDT","MARKET_ORDER","CLIENT_ORDER","GBP/USD","","100000.00","Sell","","","","","","","","","",""
"519","2026-06-08 00:39:51 EDT","ORDER_CANCEL","INSUFFICIENT_MARGIN","","","","","","","","","","","","","",""
"520","2026-06-08 00:39:51 EDT","MARKET_ORDER","CLIENT_ORDER","GBP/USD","","100000.00","Buy","","","","","","","","","",""
"521","2026-06-08 00:39:51 EDT","ORDER_CANCEL","INSUFFICIENT_MARGIN","","","","","","","","","","","","","",""
"522","2026-06-08 00:39:51 EDT","MARKET_ORDER","CLIENT_ORDER","GBP/USD","","100000.00","Buy","","","","","","","","","",""
"523","2026-06-08 00:39:51 EDT","ORDER_CANCEL","INSUFFICIENT_MARGIN","","","","","","","","","","","","","",""
"524","2026-06-08 00:39:51 EDT","MARKET_ORDER","CLIENT_ORDER","GBP/USD","","100000.00","Buy","","","","","","","","","",""
"525","2026-06-08 00:39:51 EDT","ORDER_CANCEL","INSUFFICIENT_MARGIN","","","","","","","","","","","","","",""
"526","2026-06-08 00:39:51 EDT","MARKET_ORDER","CLIENT_ORDER","GBP/USD","","100000.00","Sell","","","","","","","","","",""
"527","2026-06-08 00:39:51 EDT","ORDER_CANCEL","INSUFFICIENT_MARGIN","","","","","","","","","","","","","",""
"528","2026-06-08 00:39:51 EDT","MARKET_ORDER","CLIENT_ORDER","GBP/USD","","100000.00","Sell","","","","","","","","","",""
"529","2026-06-08 00:39:51 EDT","ORDER_CANCEL","INSUFFICIENT_MARGIN","","","","","","","","","","","","","",""
"530","2026-06-08 00:39:51 EDT","MARKET_ORDER","CLIENT_ORDER","GBP/USD","","100000.00","Buy","","","","","","","","","",""
"531","2026-06-08 00:39:51 EDT","ORDER_CANCEL","INSUFFICIENT_MARGIN","","","","","","","","","","","","","",""
"532","2026-06-08 00:39:51 EDT","MARKET_ORDER","CLIENT_ORDER","GBP/USD","","100000.00","Sell","","","","","","","","","",""
"533","2026-06-08 00:39:51 EDT","ORDER_CANCEL","INSUFFICIENT_MARGIN","","","","","","","","","","","","","",""
"534","2026-06-08 00:39:51 EDT","MARKET_ORDER","CLIENT_ORDER","GBP/USD","","100000.00","Sell","","","","","","","","","",""
"535","2026-06-08 00:39:51 EDT","ORDER_CANCEL","INSUFFICIENT_MARGIN","","","","","","","","","","","","","",""
"536","2026-06-08 00:39:51 EDT","MARKET_ORDER","CLIENT_ORDER","GBP/USD","","100000.00","Buy","","","","","","","","","",""
"537","2026-06-08 00:39:51 EDT","ORDER_CANCEL","INSUFFICIENT_MARGIN","","","","","","","","","","","","","",""
"538","2026-06-08 00:39:51 EDT","MARKET_ORDER","CLIENT_ORDER","GBP/USD","","100000.00","Buy","","","","","","","","","",""
"539","2026-06-08 00:39:51 EDT","ORDER_CANCEL","INSUFFICIENT_MARGIN","","","","","","","","","","","","","",""
"540","2026-06-08 00:39:51 EDT","MARKET_ORDER","CLIENT_ORDER","GBP/USD","","100000.00","Sell","","","","","","","","","",""
"541","2026-06-08 00:39:51 EDT","ORDER_CANCEL","INSUFFICIENT_MARGIN","","","","","","","","","","","","","",""
"542","2026-06-08 00:39:51 EDT","MARKET_ORDER","CLIENT_ORDER","GBP/USD","","100000.00","Buy","","","","","","","","","",""
"543","2026-06-08 00:39:51 EDT","ORDER_CANCEL","INSUFFICIENT_MARGIN","","","","","","","","","","","","","",""
"544","2026-06-08 00:39:51 EDT","MARKET_ORDER","CLIENT_ORDER","GBP/USD","","100000.00","Buy","","","","","","","","","",""
"545","2026-06-08 00:39:51 EDT","ORDER_CANCEL","INSUFFICIENT_MARGIN","","","","","","","","","","","","","",""
"546","2026-06-08 00:39:51 EDT","MARKET_ORDER","CLIENT_ORDER","GBP/USD","","100000.00","Buy","","","","","","","","","",""
"547","2026-06-08 00:39:51 EDT","ORDER_CANCEL","INSUFFICIENT_MARGIN","","","","","","","","","","","","","",""
"548","2026-06-08 00:39:51 EDT","MARKET_ORDER","CLIENT_ORDER","GBP/USD","","100000.00","Sell","","","","","","","","","",""
"549","2026-06-08 00:39:51 EDT","ORDER_CANCEL","INSUFFICIENT_MARGIN","","","","","","","","","","","","","",""
"550","2026-06-08 00:39:51 EDT","MARKET_ORDER","CLIENT_ORDER","GBP/USD","","100000.00","Buy","","","","","","","","","",""
"551","2026-06-08 00:39:51 EDT","ORDER_CANCEL","INSUFFICIENT_MARGIN","","","","","","","","","","","","","",""
"552","2026-06-08 00:39:51 EDT","MARKET_ORDER","CLIENT_ORDER","GBP/USD","","100000.00","Sell","","","","","","","","","",""
"553","2026-06-08 00:39:51 EDT","ORDER_CANCEL","INSUFFICIENT_MARGIN","","","","","","","","","","","","","",""
"554","2026-06-08 00:39:51 EDT","MARKET_ORDER","CLIENT_ORDER","GBP/USD","","100000.00","Sell","","","","","","","","","",""
"555","2026-06-08 00:39:51 EDT","ORDER_CANCEL","INSUFFICIENT_MARGIN","","","","","","","","","","","","","",""
"556","2026-06-08 00:39:51 EDT","MARKET_ORDER","CLIENT_ORDER","GBP/USD","","100000.00","Sell","","","","","","","","","",""
"557","2026-06-08 00:39:51 EDT","ORDER_CANCEL","INSUFFICIENT_MARGIN","","","","","","","","","","","","","",""
"558","2026-06-08 00:39:51 EDT","MARKET_ORDER","CLIENT_ORDER","GBP/USD","","100000.00","Buy","","","","","","","","","",""
"559","2026-06-08 00:39:51 EDT","ORDER_CANCEL","INSUFFICIENT_MARGIN","","","","","","","","","","","","","",""
"560","2026-06-08 00:39:52 EDT","MARKET_ORDER","CLIENT_ORDER","GBP/USD","","100000.00","Buy","","","","","","","","","",""
"561","2026-06-08 00:39:52 EDT","ORDER_CANCEL","INSUFFICIENT_MARGIN","","","","","","","","","","","","","",""
"562","2026-06-08 00:39:52 EDT","MARKET_ORDER","CLIENT_ORDER","GBP/USD","","100000.00","Buy","","","","","","","","","",""
"563","2026-06-08 00:39:52 EDT","ORDER_CANCEL","INSUFFICIENT_MARGIN","","","","","","","","","","","","","",""
"564","2026-06-08 00:39:52 EDT","MARKET_ORDER","CLIENT_ORDER","GBP/USD","","100000.00","Sell","","","","","","","","","",""
"565","2026-06-08 00:39:52 EDT","ORDER_CANCEL","INSUFFICIENT_MARGIN","","","","","","","","","","","","","",""
"566","2026-06-08 00:39:52 EDT","MARKET_ORDER","CLIENT_ORDER","GBP/USD","","100000.00","Sell","","","","","","","","","",""
"567","2026-06-08 00:39:52 EDT","ORDER_CANCEL","INSUFFICIENT_MARGIN","","","","","","","","","","","","","",""
"568","2026-06-08 00:39:52 EDT","MARKET_ORDER","CLIENT_ORDER","GBP/USD","","100000.00","Buy","","","","","","","","","",""
"569","2026-06-08 00:39:52 EDT","ORDER_CANCEL","INSUFFICIENT_MARGIN","","","","","","","","","","","","","",""
"570","2026-06-08 00:39:52 EDT","MARKET_ORDER","CLIENT_ORDER","GBP/USD","","100000.00","Sell","","","","","","","","","",""
"571","2026-06-08 00:39:52 EDT","ORDER_CANCEL","INSUFFICIENT_MARGIN","","","","","","","","","","","","","",""
"572","2026-06-08 00:39:52 EDT","MARKET_ORDER","CLIENT_ORDER","GBP/USD","","100000.00","Sell","","","","","","","","","",""
"573","2026-06-08 00:39:52 EDT","ORDER_CANCEL","INSUFFICIENT_MARGIN","","","","","","","","","","","","","",""
"574","2026-06-08 00:39:52 EDT","MARKET_ORDER","CLIENT_ORDER","GBP/USD","","100000.00","Buy","","","","","","","","","",""
"575","2026-06-08 00:39:52 EDT","ORDER_CANCEL","INSUFFICIENT_MARGIN","","","","","","","","","","","","","",""
"576","2026-06-08 00:39:52 EDT","MARKET_ORDER","CLIENT_ORDER","GBP/USD","","100000.00","Buy","","","","","","","","","",""
"577","2026-06-08 00:39:52 EDT","ORDER_CANCEL","INSUFFICIENT_MARGIN","","","","","","","","","","","","","",""
"578","2026-06-08 00:39:52 EDT","MARKET_ORDER","CLIENT_ORDER","GBP/USD","","100000.00","Buy","","","","","","","","","",""
"579","2026-06-08 00:39:52 EDT","ORDER_CANCEL","INSUFFICIENT_MARGIN","","","","","","","","","","","","","",""
"580","2026-06-08 00:39:52 EDT","MARKET_ORDER","CLIENT_ORDER","GBP/USD","","100000.00","Sell","","","","","","","","","",""
"581","2026-06-08 00:39:52 EDT","ORDER_CANCEL","INSUFFICIENT_MARGIN","","","","","","","","","","","","","",""
"582","2026-06-08 00:39:52 EDT","MARKET_ORDER","CLIENT_ORDER","GBP/USD","","100000.00","Buy","","","","","","","","","",""
"583","2026-06-08 00:39:52 EDT","ORDER_CANCEL","INSUFFICIENT_MARGIN","","","","","","","","","","","","","",""
"584","2026-06-08 00:39:52 EDT","MARKET_ORDER","CLIENT_ORDER","GBP/USD","","100000.00","Sell","","","","","","","","","",""
"585","2026-06-08 00:39:52 EDT","ORDER_CANCEL","INSUFFICIENT_MARGIN","","","","","","","","","","","","","",""
"586","2026-06-08 00:39:52 EDT","MARKET_ORDER","CLIENT_ORDER","GBP/USD","","100000.00","Sell","","","","","","","","","",""
"587","2026-06-08 00:39:52 EDT","ORDER_CANCEL","INSUFFICIENT_MARGIN","","","","","","","","","","","","","",""
"588","2026-06-08 00:39:52 EDT","MARKET_ORDER","CLIENT_ORDER","GBP/USD","","100000.00","Sell","","","","","","","","","",""
"589","2026-06-08 00:39:52 EDT","ORDER_CANCEL","INSUFFICIENT_MARGIN","","","","","","","","","","","","","",""
"590","2026-06-08 00:39:52 EDT","MARKET_ORDER","CLIENT_ORDER","GBP/USD","","100000.00","Buy","","","","","","","","","",""
"591","2026-06-08 00:39:52 EDT","ORDER_CANCEL","INSUFFICIENT_MARGIN","","","","","","","","","","","","","",""
"592","2026-06-08 00:39:52 EDT","MARKET_ORDER","CLIENT_ORDER","GBP/USD","","100000.00","Buy","","","","","","","","","",""
"593","2026-06-08 00:39:52 EDT","ORDER_CANCEL","INSUFFICIENT_MARGIN","","","","","","","","","","","","","",""
"594","2026-06-08 00:39:52 EDT","MARKET_ORDER","CLIENT_ORDER","GBP/USD","","100000.00","Buy","","","","","","","","","",""
"595","2026-06-08 00:39:52 EDT","ORDER_CANCEL","INSUFFICIENT_MARGIN","","","","","","","","","","","","","",""
"596","2026-06-08 00:39:52 EDT","MARKET_ORDER","CLIENT_ORDER","GBP/USD","","100000.00","Buy","","","","","","","","","",""
"597","2026-06-08 00:39:52 EDT","ORDER_CANCEL","INSUFFICIENT_MARGIN","","","","","","","","","","","","","",""
"598","2026-06-08 00:39:52 EDT","MARKET_ORDER","CLIENT_ORDER","GBP/USD","","100000.00","Sell","","","","","","","","","",""
"599","2026-06-08 00:39:52 EDT","ORDER_CANCEL","INSUFFICIENT_MARGIN","","","","","","","","","","","","","",""
"600","2026-06-08 00:39:52 EDT","MARKET_ORDER","CLIENT_ORDER","GBP/USD","","100000.00","Sell","","","","","","","","","",""
"601","2026-06-08 00:39:52 EDT","ORDER_CANCEL","INSUFFICIENT_MARGIN","","","","","","","","","","","","","",""
"602","2026-06-08 00:39:52 EDT","MARKET_ORDER","CLIENT_ORDER","GBP/USD","","100000.00","Buy","","","","","","","","","",""
"603","2026-06-08 00:39:52 EDT","ORDER_CANCEL","INSUFFICIENT_MARGIN","","","","","","","","","","","","","",""
"604","2026-06-08 00:39:52 EDT","MARKET_ORDER","CLIENT_ORDER","GBP/USD","","100000.00","Buy","","","","","","","","","",""
"605","2026-06-08 00:39:52 EDT","ORDER_CANCEL","INSUFFICIENT_MARGIN","","","","","","","","","","","","","",""
"606","2026-06-08 00:39:52 EDT","MARKET_ORDER","CLIENT_ORDER","GBP/USD","","100000.00","Sell","","","","","","","","","",""
"607","2026-06-08 00:39:52 EDT","ORDER_CANCEL","INSUFFICIENT_MARGIN","","","","","","","","","","","","","",""
"608","2026-06-08 00:39:52 EDT","MARKET_ORDER","CLIENT_ORDER","GBP/USD","","100000.00","Sell","","","","","","","","","",""
"609","2026-06-08 00:39:52 EDT","ORDER_CANCEL","INSUFFICIENT_MARGIN","","","","","","","","","","","","","",""
"610","2026-06-08 00:39:52 EDT","MARKET_ORDER","CLIENT_ORDER","GBP/USD","","100000.00","Buy","","","","","","","","","",""
"611","2026-06-08 00:39:52 EDT","ORDER_CANCEL","INSUFFICIENT_MARGIN","","","","","","","","","","","","","",""
"612","2026-06-08 00:39:52 EDT","MARKET_ORDER","CLIENT_ORDER","GBP/USD","","100000.00","Buy","","","","","","","","","",""
"613","2026-06-08 00:39:52 EDT","ORDER_CANCEL","INSUFFICIENT_MARGIN","","","","","","","","","","","","","",""
"614","2026-06-08 00:46:47 EDT","MARKET_ORDER","POSITION_CLOSEOUT","GBP/USD","","1000000.00","Sell","","","","","","","","","",""
"615","2026-06-08 00:46:47 EDT","ORDER_FILL","MARKET_ORDER_POSITION_CLOSEOUT","GBP/USD","1.33394","1000000.00","Sell","132.4830","","","","0.00000","0.0000","1.4085","-509.87870","","99490.12"
"616","2026-06-08 00:46:51 EDT","MARKET_ORDER","POSITION_CLOSEOUT","GBP/USD","","1000000.00","Buy","","","","","","","","","",""
"617","2026-06-08 00:46:51 EDT","ORDER_FILL","MARKET_ORDER_POSITION_CLOSEOUT","GBP/USD","1.33413","1000000.00","Buy","153.3990","","","","0.00000","0.0000","1.4085","-24.92030","","99465.20"
"618","2026-06-08 00:46:51 EDT","ORDER_CANCEL","LINKED_TRADE_CLOSED","","","","","","","","","","","","","",""
"619","2026-06-08 00:46:51 EDT","ORDER_CANCEL","LINKED_TRADE_CLOSED","","","","","","","","","","","","","",""
"620","2026-06-08 00:46:51 EDT","ORDER_CANCEL","LINKED_TRADE_CLOSED","","","","","","","","","","","","","",""
"621","2026-06-08 00:46:51 EDT","ORDER_CANCEL","LINKED_TRADE_CLOSED","","","","","","","","","","","","","",""
"622","2026-06-08 05:00:00 EDT","MARKET_ORDER","CLIENT_ORDER","EUR/USD","","100000.00","Sell","","1.15398","1.14301","","","","","","",""
"623","2026-06-08 05:00:00 EDT","ORDER_FILL","MARKET_ORDER","EUR/USD","1.15076","100000.00","Sell","11.1611","","","","0.00000","0.0000","","0.00000","","99465.20"
"624","2026-06-08 05:00:00 EDT","TAKE_PROFIT_ORDER","ON_FILL","","1.14301","","","","","","","","","","","",""
"625","2026-06-08 05:00:00 EDT","STOP_LOSS_ORDER","ON_FILL","","1.15398","","","","","","","","","","","",""
"626","2026-06-08 05:00:00 EDT","MARKET_ORDER","CLIENT_ORDER","EUR/USD","","100000.00","Sell","","1.15328","1.14475","","","","","","",""
"627","2026-06-08 05:00:00 EDT","ORDER_FILL","MARKET_ORDER","EUR/USD","1.15076","100000.00","Sell","11.1611","","","","0.00000","0.0000","","0.00000","","99465.20"
"628","2026-06-08 05:00:00 EDT","TAKE_PROFIT_ORDER","ON_FILL","","1.14475","","","","","","","","","","","",""
"629","2026-06-08 05:00:00 EDT","STOP_LOSS_ORDER","ON_FILL","","1.15328","","","","","","","","","","","",""
"630","2026-06-08 06:34:31 EDT","ORDER_FILL","STOP_LOSS_ORDER","EUR/USD","1.15331","100000.00","Buy","9.7586","","","","0.00000","0.0000","1.4080","-359.04530","","99106.16"
"631","2026-06-08 06:34:31 EDT","ORDER_CANCEL","LINKED_TRADE_CLOSED","","","","","","","","","","","","","",""
"632","2026-06-08 07:20:14 EDT","ORDER_FILL","STOP_LOSS_ORDER","EUR/USD","1.15401","100000.00","Buy","12.5387","","","","0.00000","0.0000","1.4071","-457.31460","","98648.84"
"633","2026-06-08 07:20:14 EDT","ORDER_CANCEL","LINKED_TRADE_CLOSED","","","","","","","","","","","","","",""
"634","2026-06-08 09:00:00 EDT","MARKET_ORDER","CLIENT_ORDER","EUR/USD","","100000.00","Buy","","1.15031","1.16399","","","","","","",""
"635","2026-06-08 09:00:00 EDT","ORDER_FILL","MARKET_ORDER","EUR/USD","1.15439","100000.00","Buy","11.8416","","","","0.00000","0.0000","","0.00000","","98648.84"
"636","2026-06-08 09:00:00 EDT","TAKE_PROFIT_ORDER","ON_FILL","","1.16399","","","","","","","","","","","",""
"637","2026-06-08 09:00:00 EDT","STOP_LOSS_ORDER","ON_FILL","","1.15031","","","","","","","","","","","",""
"638","2026-06-08 13:12:14 EDT","MARKET_ORDER","CLIENT_ORDER","EUR/USD","","1000.00","Sell","","1.16573","1.15557","","","","","","",""
"639","2026-06-08 13:12:14 EDT","ORDER_CANCEL","TAKE_PROFIT_ON_FILL_LOSS","","","","","","","","","","","","","",""
"640","2026-06-08 13:12:18 EDT","MARKET_ORDER","CLIENT_ORDER","EUR/USD","","1000.00","Sell","","1.16539","1.16179","","","","","","",""
"641","2026-06-08 13:12:18 EDT","ORDER_CANCEL","TAKE_PROFIT_ON_FILL_LOSS","","","","","","","","","","","","","",""
"642","2026-06-08 13:12:19 EDT","MARKET_ORDER","CLIENT_ORDER","EUR/USD","","1000.00","Sell","","1.16279","1.15589","","","","","","",""
"643","2026-06-08 13:12:19 EDT","ORDER_CANCEL","TAKE_PROFIT_ON_FILL_LOSS","","","","","","","","","","","","","",""
"644","2026-06-08 13:12:25 EDT","MARKET_ORDER","CLIENT_ORDER","EUR/USD","","1000.00","Sell","","1.15329","1.14471","","","","","","",""
"645","2026-06-08 13:12:25 EDT","ORDER_CANCEL","STOP_LOSS_ON_FILL_LOSS","","","","","","","","","","","","","",""
"646","2026-06-08 13:12:46 EDT","MARKET_ORDER","CLIENT_ORDER","EUR/USD","","1000.00","Sell","","1.16573","1.15557","","","","","","",""
"647","2026-06-08 13:12:46 EDT","ORDER_CANCEL","TAKE_PROFIT_ON_FILL_LOSS","","","","","","","","","","","","","",""
"648","2026-06-08 13:12:49 EDT","MARKET_ORDER","CLIENT_ORDER","EUR/USD","","1000.00","Sell","","1.16539","1.16179","","","","","","",""
"649","2026-06-08 13:12:49 EDT","ORDER_CANCEL","TAKE_PROFIT_ON_FILL_LOSS","","","","","","","","","","","","","",""
"650","2026-06-08 13:12:50 EDT","MARKET_ORDER","CLIENT_ORDER","EUR/USD","","1000.00","Sell","","1.16279","1.15589","","","","","","",""
"651","2026-06-08 13:12:50 EDT","ORDER_CANCEL","TAKE_PROFIT_ON_FILL_LOSS","","","","","","","","","","","","","",""
"652","2026-06-08 13:12:54 EDT","MARKET_ORDER","CLIENT_ORDER","EUR/USD","","1000.00","Sell","","1.15329","1.14471","","","","","","",""
"653","2026-06-08 13:12:54 EDT","ORDER_CANCEL","STOP_LOSS_ON_FILL_LOSS","","","","","","","","","","","","","",""
"654","2026-06-08 15:00:00 EDT","MARKET_ORDER","CLIENT_ORDER","EUR/USD","","100000.00","Sell","","1.15615","1.14454","","","","","","",""
"655","2026-06-08 15:00:00 EDT","ORDER_FILL","MARKET_ORDER","EUR/USD","1.15274","100000.00","Sell","12.5608","","","","0.00000","0.0000","","0.00000","","98648.84"
"656","2026-06-08 15:00:00 EDT","TAKE_PROFIT_ORDER","ON_FILL","","1.14454","","","","","","","","","","","",""
"657","2026-06-08 15:00:00 EDT","STOP_LOSS_ORDER","ON_FILL","","1.15615","","","","","","","","","","","",""
"658","2026-06-08 17:00:00 EDT","DAILY_FINANCING","","","","","","","","","","-9.09900","","","","","98639.74"
"","2026-06-08 17:00:00 EDT","DAILY_FINANCING","Trade ID: 635","EUR/USD","","","","","","","","-12.06690","","","","",""
"","2026-06-08 17:00:00 EDT","DAILY_FINANCING","Trade ID: 655","EUR/USD","","","","","","","","2.96790","","","","",""
"659","2026-06-09 05:46:56 EDT","ORDER_FILL","STOP_LOSS_ORDER","EUR/USD","1.15615","100000.00","Buy","11.8461","","","","0.00000","0.0000","1.4076","-479.99040","","98159.75"
"660","2026-06-09 05:46:56 EDT","ORDER_CANCEL","LINKED_TRADE_CLOSED","","","","","","","","","","","","","",""
"661","2026-06-09 17:00:00 EDT","DAILY_FINANCING","","","","","","","","","","-12.03050","","","","","98147.72"
"","2026-06-09 17:00:00 EDT","DAILY_FINANCING","Trade ID: 635","EUR/USD","","","","","","","","-12.03050","","","","",""
"662","2026-06-10 12:00:00 EDT","MARKET_ORDER","CLIENT_ORDER","EUR/USD","","100000.00","Sell","","1.15610","1.15203","","","","","","",""
"663","2026-06-10 12:00:00 EDT","ORDER_FILL","MARKET_ORDER","EUR/USD","1.15492","100000.00","Sell","11.1427","","","","0.00000","0.0000","","0.00000","","98147.72"
"664","2026-06-10 12:00:00 EDT","TAKE_PROFIT_ORDER","ON_FILL","","1.15203","","","","","","","","","","","",""
"665","2026-06-10 12:00:00 EDT","STOP_LOSS_ORDER","ON_FILL","","1.15610","","","","","","","","","","","",""
"666","2026-06-10 17:00:00 EDT","DAILY_FINANCING","","","","","","","","","","-27.01790","","","","","98120.70"
"","2026-06-10 17:00:00 EDT","DAILY_FINANCING","Trade ID: 635","EUR/USD","","","","","","","","-35.91760","","","","",""
"","2026-06-10 17:00:00 EDT","DAILY_FINANCING","Trade ID: 663","EUR/USD","","","","","","","","8.89970","","","","",""
"667","2026-06-11 05:00:00 EDT","MARKET_ORDER","CLIENT_ORDER","EUR/USD","","100000.00","Sell","","1.15611","1.14605","","","","","","",""
"668","2026-06-11 05:00:00 EDT","ORDER_FILL","MARKET_ORDER","EUR/USD","1.15314","100000.00","Sell","10.4826","","","","0.00000","0.0000","","0.00000","","98120.70"
"669","2026-06-11 05:00:00 EDT","TAKE_PROFIT_ORDER","ON_FILL","","1.14605","","","","","","","","","","","",""
"670","2026-06-11 05:00:00 EDT","STOP_LOSS_ORDER","ON_FILL","","1.15611","","","","","","","","","","","",""
"671","2026-06-11 05:00:00 EDT","MARKET_ORDER","CLIENT_ORDER","EUR/USD","","100000.00","Sell","","1.15599","1.14633","","","","","","",""
"672","2026-06-11 05:00:00 EDT","ORDER_FILL","MARKET_ORDER","EUR/USD","1.15314","100000.00","Sell","10.4826","","","","0.00000","0.0000","","0.00000","","98120.70"
"673","2026-06-11 05:00:00 EDT","TAKE_PROFIT_ORDER","ON_FILL","","1.14633","","","","","","","","","","","",""
"674","2026-06-11 05:00:00 EDT","STOP_LOSS_ORDER","ON_FILL","","1.15599","","","","","","","","","","","",""
"675","2026-06-11 07:21:04 EDT","MARKET_ORDER","CLIENT_ORDER","EUR/USD","","100000.00","Buy","","","","","","","","","",""
"676","2026-06-11 07:21:04 EDT","ORDER_FILL","MARKET_ORDER","EUR/USD","1.15372","100000.00","Buy","10.4812","","","","0.00000","0.0000","","0.00000","","98120.70"
"677","2026-06-11 07:21:04 EDT","MARKET_ORDER","CLIENT_ORDER","EUR/USD","","100000.00","Buy","","","","","","","","","",""
"678","2026-06-11 07:21:04 EDT","ORDER_FILL","MARKET_ORDER","EUR/USD","1.15372","100000.00","Buy","10.4812","","","","0.00000","0.0000","","0.00000","","98120.70"
"679","2026-06-11 07:21:04 EDT","MARKET_ORDER","CLIENT_ORDER","EUR/USD","","100000.00","Buy","","","","","","","","","",""
"680","2026-06-11 07:21:04 EDT","ORDER_FILL","MARKET_ORDER","EUR/USD","1.15372","100000.00","Buy","10.4812","","","","0.00000","0.0000","","0.00000","","98120.70"
"681","2026-06-11 07:21:05 EDT","MARKET_ORDER","CLIENT_ORDER","EUR/USD","","100000.00","Sell","","","","","","","","","",""
"682","2026-06-11 07:21:05 EDT","ORDER_FILL","MARKET_ORDER","EUR/USD","1.15357","100000.00","Sell","10.4812","","","","0.00000","0.0000","","0.00000","","98120.70"
"683","2026-06-11 07:21:05 EDT","MARKET_ORDER","CLIENT_ORDER","EUR/USD","","100000.00","Buy","","","","","","","","","",""
"684","2026-06-11 07:21:05 EDT","ORDER_FILL","MARKET_ORDER","EUR/USD","1.15372","100000.00","Buy","10.4812","","","","0.00000","0.0000","","0.00000","","98120.70"
"685","2026-06-11 07:21:05 EDT","MARKET_ORDER","CLIENT_ORDER","EUR/USD","","100000.00","Sell","","","","","","","","","",""
"686","2026-06-11 07:21:05 EDT","ORDER_FILL","MARKET_ORDER","EUR/USD","1.15357","100000.00","Sell","10.4812","","","","0.00000","0.0000","","0.00000","","98120.70"
"687","2026-06-11 07:21:05 EDT","MARKET_ORDER","CLIENT_ORDER","EUR/USD","","100000.00","Buy","","","","","","","","","",""
"688","2026-06-11 07:21:05 EDT","ORDER_FILL","MARKET_ORDER","EUR/USD","1.15372","100000.00","Buy","10.4812","","","","0.00000","0.0000","","0.00000","","98120.70"
"689","2026-06-11 07:21:05 EDT","MARKET_ORDER","CLIENT_ORDER","EUR/USD","","100000.00","Sell","","","","","","","","","",""
"690","2026-06-11 07:21:05 EDT","ORDER_FILL","MARKET_ORDER","EUR/USD","1.15357","100000.00","Sell","11.8788","","","","0.00000","0.0000","","0.00000","","98120.70"
"691","2026-06-11 07:21:05 EDT","MARKET_ORDER","CLIENT_ORDER","EUR/USD","","100000.00","Buy","","","","","","","","","",""
"692","2026-06-11 07:21:05 EDT","ORDER_FILL","MARKET_ORDER","EUR/USD","1.15374","100000.00","Buy","11.8788","","","","0.00000","0.0000","","0.00000","","98120.70"
"693","2026-06-11 07:21:05 EDT","MARKET_ORDER","CLIENT_ORDER","EUR/USD","","100000.00","Sell","","","","","","","","","",""
"694","2026-06-11 07:21:05 EDT","ORDER_FILL","MARKET_ORDER","EUR/USD","1.15357","100000.00","Sell","11.8788","","","","0.00000","0.0000","","0.00000","","98120.70"
"695","2026-06-11 07:21:05 EDT","MARKET_ORDER","CLIENT_ORDER","EUR/USD","","100000.00","Buy","","","","","","","","","",""
"696","2026-06-11 07:21:05 EDT","ORDER_FILL","MARKET_ORDER","EUR/USD","1.15374","100000.00","Buy","11.8788","","","","0.00000","0.0000","","0.00000","","98120.70"
"697","2026-06-11 07:21:05 EDT","MARKET_ORDER","CLIENT_ORDER","EUR/USD","","100000.00","Sell","","","","","","","","","",""
"698","2026-06-11 07:21:05 EDT","ORDER_FILL","MARKET_ORDER","EUR/USD","1.15357","100000.00","Sell","11.8788","","","","0.00000","0.0000","","0.00000","","98120.70"
"699","2026-06-11 07:21:05 EDT","MARKET_ORDER","CLIENT_ORDER","EUR/USD","","100000.00","Buy","","","","","","","","","",""
"700","2026-06-11 07:21:05 EDT","ORDER_FILL","MARKET_ORDER","EUR/USD","1.15374","100000.00","Buy","12.5775","","","","0.00000","0.0000","","0.00000","","98120.70"
"701","2026-06-11 07:21:05 EDT","MARKET_ORDER","CLIENT_ORDER","EUR/USD","","100000.00","Sell","","","","","","","","","",""
"702","2026-06-11 07:21:05 EDT","ORDER_FILL","MARKET_ORDER","EUR/USD","1.15356","100000.00","Sell","12.5775","","","","0.00000","0.0000","","0.00000","","98120.70"
"703","2026-06-11 07:21:06 EDT","MARKET_ORDER","CLIENT_ORDER","EUR/USD","","100000.00","Buy","","","","","","","","","",""
"704","2026-06-11 07:21:06 EDT","ORDER_FILL","MARKET_ORDER","EUR/USD","1.15374","100000.00","Buy","12.5775","","","","0.00000","0.0000","","0.00000","","98120.70"
"705","2026-06-11 07:21:06 EDT","MARKET_ORDER","CLIENT_ORDER","EUR/USD","","100000.00","Sell","","","","","","","","","",""
"706","2026-06-11 07:21:06 EDT","ORDER_FILL","MARKET_ORDER","EUR/USD","1.15356","100000.00","Sell","12.5775","","","","0.00000","0.0000","","0.00000","","98120.70"
"707","2026-06-11 07:21:06 EDT","MARKET_ORDER","CLIENT_ORDER","EUR/USD","","100000.00","Buy","","","","","","","","","",""
"708","2026-06-11 07:21:06 EDT","ORDER_FILL","MARKET_ORDER","EUR/USD","1.15374","100000.00","Buy","12.5775","","","","0.00000","0.0000","","0.00000","","98120.70"
"709","2026-06-11 07:21:06 EDT","MARKET_ORDER","CLIENT_ORDER","EUR/USD","","100000.00","Sell","","","","","","","","","",""
"710","2026-06-11 07:21:06 EDT","ORDER_FILL","MARKET_ORDER","EUR/USD","1.15356","100000.00","Sell","12.5775","","","","0.00000","0.0000","","0.00000","","98120.70"
"711","2026-06-11 07:21:06 EDT","MARKET_ORDER","CLIENT_ORDER","EUR/USD","","100000.00","Buy","","","","","","","","","",""
"712","2026-06-11 07:21:06 EDT","ORDER_FILL","MARKET_ORDER","EUR/USD","1.15374","100000.00","Buy","12.5775","","","","0.00000","0.0000","","0.00000","","98120.70"
"713","2026-06-11 07:21:06 EDT","MARKET_ORDER","CLIENT_ORDER","EUR/USD","","100000.00","Sell","","","","","","","","","",""
"714","2026-06-11 07:21:06 EDT","ORDER_FILL","MARKET_ORDER","EUR/USD","1.15356","100000.00","Sell","12.5775","","","","0.00000","0.0000","","0.00000","","98120.70"
"715","2026-06-11 07:21:06 EDT","MARKET_ORDER","CLIENT_ORDER","EUR/USD","","100000.00","Buy","","","","","","","","","",""
"716","2026-06-11 07:21:06 EDT","ORDER_CANCEL","INSUFFICIENT_MARGIN","","","","","","","","","","","","","",""
"717","2026-06-11 07:21:06 EDT","MARKET_ORDER","CLIENT_ORDER","EUR/USD","","100000.00","Sell","","","","","","","","","",""
"718","2026-06-11 07:21:06 EDT","ORDER_CANCEL","INSUFFICIENT_MARGIN","","","","","","","","","","","","","",""
"719","2026-06-11 07:21:06 EDT","MARKET_ORDER","CLIENT_ORDER","EUR/USD","","100000.00","Buy","","","","","","","","","",""
"720","2026-06-11 07:21:06 EDT","ORDER_CANCEL","INSUFFICIENT_MARGIN","","","","","","","","","","","","","",""
"721","2026-06-11 07:21:06 EDT","MARKET_ORDER","CLIENT_ORDER","EUR/USD","","100000.00","Sell","","","","","","","","","",""
"722","2026-06-11 07:21:06 EDT","ORDER_CANCEL","INSUFFICIENT_MARGIN","","","","","","","","","","","","","",""
"723","2026-06-11 07:21:06 EDT","MARKET_ORDER","CLIENT_ORDER","EUR/USD","","100000.00","Buy","","","","","","","","","",""
"724","2026-06-11 07:21:06 EDT","ORDER_CANCEL","INSUFFICIENT_MARGIN","","","","","","","","","","","","","",""
"725","2026-06-11 07:21:06 EDT","MARKET_ORDER","CLIENT_ORDER","EUR/USD","","100000.00","Sell","","","","","","","","","",""
"726","2026-06-11 07:21:06 EDT","ORDER_CANCEL","INSUFFICIENT_MARGIN","","","","","","","","","","","","","",""
"727","2026-06-11 07:21:06 EDT","MARKET_ORDER","CLIENT_ORDER","EUR/USD","","100000.00","Buy","","","","","","","","","",""
"728","2026-06-11 07:21:06 EDT","ORDER_CANCEL","INSUFFICIENT_MARGIN","","","","","","","","","","","","","",""
"729","2026-06-11 07:21:06 EDT","MARKET_ORDER","CLIENT_ORDER","EUR/USD","","100000.00","Sell","","","","","","","","","",""
"730","2026-06-11 07:21:06 EDT","ORDER_CANCEL","INSUFFICIENT_MARGIN","","","","","","","","","","","","","",""
"731","2026-06-11 07:21:06 EDT","MARKET_ORDER","CLIENT_ORDER","EUR/USD","","100000.00","Buy","","","","","","","","","",""
"732","2026-06-11 07:21:06 EDT","ORDER_CANCEL","INSUFFICIENT_MARGIN","","","","","","","","","","","","","",""
"733","2026-06-11 07:21:06 EDT","MARKET_ORDER","CLIENT_ORDER","EUR/USD","","100000.00","Sell","","","","","","","","","",""
"734","2026-06-11 07:21:06 EDT","ORDER_CANCEL","INSUFFICIENT_MARGIN","","","","","","","","","","","","","",""
"735","2026-06-11 07:21:06 EDT","MARKET_ORDER","CLIENT_ORDER","EUR/USD","","100000.00","Buy","","","","","","","","","",""
"736","2026-06-11 07:21:06 EDT","ORDER_CANCEL","INSUFFICIENT_MARGIN","","","","","","","","","","","","","",""
"737","2026-06-11 07:21:07 EDT","MARKET_ORDER","CLIENT_ORDER","EUR/USD","","100000.00","Sell","","","","","","","","","",""
"738","2026-06-11 07:21:07 EDT","ORDER_CANCEL","INSUFFICIENT_MARGIN","","","","","","","","","","","","","",""
"739","2026-06-11 07:21:07 EDT","MARKET_ORDER","CLIENT_ORDER","EUR/USD","","100000.00","Buy","","","","","","","","","",""
"740","2026-06-11 07:21:07 EDT","ORDER_CANCEL","INSUFFICIENT_MARGIN","","","","","","","","","","","","","",""
"741","2026-06-11 07:21:07 EDT","MARKET_ORDER","CLIENT_ORDER","EUR/USD","","100000.00","Sell","","","","","","","","","",""
"742","2026-06-11 07:21:07 EDT","ORDER_CANCEL","INSUFFICIENT_MARGIN","","","","","","","","","","","","","",""
"743","2026-06-11 07:21:07 EDT","MARKET_ORDER","CLIENT_ORDER","EUR/USD","","100000.00","Buy","","","","","","","","","",""
"744","2026-06-11 07:21:07 EDT","ORDER_CANCEL","INSUFFICIENT_MARGIN","","","","","","","","","","","","","",""
"745","2026-06-11 07:21:07 EDT","MARKET_ORDER","CLIENT_ORDER","EUR/USD","","100000.00","Sell","","","","","","","","","",""
"746","2026-06-11 07:21:07 EDT","ORDER_CANCEL","INSUFFICIENT_MARGIN","","","","","","","","","","","","","",""
"747","2026-06-11 07:21:07 EDT","MARKET_ORDER","CLIENT_ORDER","EUR/USD","","100000.00","Buy","","","","","","","","","",""
"748","2026-06-11 07:21:07 EDT","ORDER_CANCEL","INSUFFICIENT_MARGIN","","","","","","","","","","","","","",""
"749","2026-06-11 07:21:07 EDT","MARKET_ORDER","CLIENT_ORDER","EUR/USD","","100000.00","Sell","","","","","","","","","",""
"750","2026-06-11 07:21:07 EDT","ORDER_CANCEL","INSUFFICIENT_MARGIN","","","","","","","","","","","","","",""
"751","2026-06-11 07:21:07 EDT","MARKET_ORDER","CLIENT_ORDER","EUR/USD","","100000.00","Sell","","","","","","","","","",""
"752","2026-06-11 07:21:07 EDT","ORDER_CANCEL","INSUFFICIENT_MARGIN","","","","","","","","","","","","","",""
"753","2026-06-11 07:21:07 EDT","MARKET_ORDER","CLIENT_ORDER","EUR/USD","","100000.00","Sell","","","","","","","","","",""
"754","2026-06-11 07:21:07 EDT","ORDER_CANCEL","INSUFFICIENT_MARGIN","","","","","","","","","","","","","",""
"755","2026-06-11 07:21:07 EDT","MARKET_ORDER","CLIENT_ORDER","EUR/USD","","100000.00","Buy","","","","","","","","","",""
"756","2026-06-11 07:21:07 EDT","ORDER_CANCEL","INSUFFICIENT_MARGIN","","","","","","","","","","","","","",""
"757","2026-06-11 07:21:07 EDT","MARKET_ORDER","CLIENT_ORDER","EUR/USD","","100000.00","Buy","","","","","","","","","",""
"758","2026-06-11 07:21:07 EDT","ORDER_CANCEL","INSUFFICIENT_MARGIN","","","","","","","","","","","","","",""
"759","2026-06-11 07:21:07 EDT","MARKET_ORDER","CLIENT_ORDER","EUR/USD","","100000.00","Buy","","","","","","","","","",""
"760","2026-06-11 07:21:07 EDT","ORDER_CANCEL","INSUFFICIENT_MARGIN","","","","","","","","","","","","","",""
"761","2026-06-11 07:21:07 EDT","MARKET_ORDER","CLIENT_ORDER","EUR/USD","","100000.00","Sell","","","","","","","","","",""
"762","2026-06-11 07:21:07 EDT","ORDER_CANCEL","INSUFFICIENT_MARGIN","","","","","","","","","","","","","",""
"763","2026-06-11 07:21:07 EDT","MARKET_ORDER","CLIENT_ORDER","EUR/USD","","100000.00","Buy","","","","","","","","","",""
"764","2026-06-11 07:21:07 EDT","ORDER_CANCEL","INSUFFICIENT_MARGIN","","","","","","","","","","","","","",""
"765","2026-06-11 07:21:07 EDT","MARKET_ORDER","CLIENT_ORDER","EUR/USD","","100000.00","Sell","","","","","","","","","",""
"766","2026-06-11 07:21:07 EDT","ORDER_CANCEL","INSUFFICIENT_MARGIN","","","","","","","","","","","","","",""
"767","2026-06-11 07:21:07 EDT","MARKET_ORDER","CLIENT_ORDER","EUR/USD","","100000.00","Buy","","","","","","","","","",""
"768","2026-06-11 07:21:07 EDT","ORDER_CANCEL","INSUFFICIENT_MARGIN","","","","","","","","","","","","","",""
"769","2026-06-11 07:21:07 EDT","MARKET_ORDER","CLIENT_ORDER","EUR/USD","","100000.00","Sell","","","","","","","","","",""
"770","2026-06-11 07:21:07 EDT","ORDER_CANCEL","INSUFFICIENT_MARGIN","","","","","","","","","","","","","",""
"771","2026-06-11 07:21:07 EDT","MARKET_ORDER","CLIENT_ORDER","EUR/USD","","100000.00","Buy","","","","","","","","","",""
"772","2026-06-11 07:21:07 EDT","ORDER_CANCEL","INSUFFICIENT_MARGIN","","","","","","","","","","","","","",""
"773","2026-06-11 07:21:07 EDT","MARKET_ORDER","CLIENT_ORDER","EUR/USD","","100000.00","Sell","","","","","","","","","",""
"774","2026-06-11 07:21:07 EDT","ORDER_CANCEL","INSUFFICIENT_MARGIN","","","","","","","","","","","","","",""
"775","2026-06-11 07:21:07 EDT","MARKET_ORDER","CLIENT_ORDER","EUR/USD","","100000.00","Buy","","","","","","","","","",""
"776","2026-06-11 07:21:07 EDT","ORDER_CANCEL","INSUFFICIENT_MARGIN","","","","","","","","","","","","","",""
"777","2026-06-11 07:21:07 EDT","MARKET_ORDER","CLIENT_ORDER","EUR/USD","","100000.00","Sell","","","","","","","","","",""
"778","2026-06-11 07:21:07 EDT","ORDER_CANCEL","INSUFFICIENT_MARGIN","","","","","","","","","","","","","",""
"779","2026-06-11 07:21:07 EDT","MARKET_ORDER","CLIENT_ORDER","EUR/USD","","100000.00","Buy","","","","","","","","","",""
"780","2026-06-11 07:21:07 EDT","ORDER_CANCEL","INSUFFICIENT_MARGIN","","","","","","","","","","","","","",""
"781","2026-06-11 07:21:07 EDT","MARKET_ORDER","CLIENT_ORDER","EUR/USD","","100000.00","Sell","","","","","","","","","",""
"782","2026-06-11 07:21:07 EDT","ORDER_CANCEL","INSUFFICIENT_MARGIN","","","","","","","","","","","","","",""
"783","2026-06-11 07:21:08 EDT","MARKET_ORDER","CLIENT_ORDER","EUR/USD","","100000.00","Buy","","","","","","","","","",""
"784","2026-06-11 07:21:08 EDT","ORDER_CANCEL","INSUFFICIENT_MARGIN","","","","","","","","","","","","","",""
"785","2026-06-11 07:21:08 EDT","MARKET_ORDER","CLIENT_ORDER","EUR/USD","","100000.00","Sell","","","","","","","","","",""
"786","2026-06-11 07:21:08 EDT","ORDER_CANCEL","INSUFFICIENT_MARGIN","","","","","","","","","","","","","",""
"787","2026-06-11 07:21:08 EDT","MARKET_ORDER","CLIENT_ORDER","EUR/USD","","100000.00","Buy","","","","","","","","","",""
"788","2026-06-11 07:21:08 EDT","ORDER_CANCEL","INSUFFICIENT_MARGIN","","","","","","","","","","","","","",""
"789","2026-06-11 07:21:08 EDT","MARKET_ORDER","CLIENT_ORDER","EUR/USD","","100000.00","Sell","","","","","","","","","",""
"790","2026-06-11 07:21:08 EDT","ORDER_CANCEL","INSUFFICIENT_MARGIN","","","","","","","","","","","","","",""
"791","2026-06-11 07:21:08 EDT","MARKET_ORDER","CLIENT_ORDER","EUR/USD","","100000.00","Buy","","","","","","","","","",""
"792","2026-06-11 07:21:08 EDT","ORDER_CANCEL","INSUFFICIENT_MARGIN","","","","","","","","","","","","","",""
"793","2026-06-11 07:21:08 EDT","MARKET_ORDER","CLIENT_ORDER","EUR/USD","","100000.00","Sell","","","","","","","","","",""
"794","2026-06-11 07:21:08 EDT","ORDER_CANCEL","INSUFFICIENT_MARGIN","","","","","","","","","","","","","",""
"795","2026-06-11 07:21:08 EDT","MARKET_ORDER","CLIENT_ORDER","EUR/USD","","100000.00","Sell","","","","","","","","","",""
"796","2026-06-11 07:21:08 EDT","ORDER_CANCEL","INSUFFICIENT_MARGIN","","","","","","","","","","","","","",""
"797","2026-06-11 07:21:08 EDT","MARKET_ORDER","CLIENT_ORDER","EUR/USD","","100000.00","Sell","","","","","","","","","",""
"798","2026-06-11 07:21:08 EDT","ORDER_CANCEL","INSUFFICIENT_MARGIN","","","","","","","","","","","","","",""
"799","2026-06-11 07:21:08 EDT","MARKET_ORDER","CLIENT_ORDER","EUR/USD","","100000.00","Buy","","","","","","","","","",""
"800","2026-06-11 07:21:08 EDT","ORDER_CANCEL","INSUFFICIENT_MARGIN","","","","","","","","","","","","","",""
"801","2026-06-11 07:21:08 EDT","MARKET_ORDER","CLIENT_ORDER","EUR/USD","","100000.00","Buy","","","","","","","","","",""
"802","2026-06-11 07:21:08 EDT","ORDER_CANCEL","INSUFFICIENT_MARGIN","","","","","","","","","","","","","",""
"803","2026-06-11 07:21:08 EDT","MARKET_ORDER","CLIENT_ORDER","EUR/USD","","100000.00","Buy","","","","","","","","","",""
"804","2026-06-11 07:21:08 EDT","ORDER_CANCEL","INSUFFICIENT_MARGIN","","","","","","","","","","","","","",""
"805","2026-06-11 07:21:08 EDT","MARKET_ORDER","CLIENT_ORDER","EUR/USD","","100000.00","Sell","","","","","","","","","",""
"806","2026-06-11 07:21:08 EDT","ORDER_CANCEL","INSUFFICIENT_MARGIN","","","","","","","","","","","","","",""
"807","2026-06-11 07:21:08 EDT","MARKET_ORDER","CLIENT_ORDER","EUR/USD","","100000.00","Sell","","","","","","","","","",""
"808","2026-06-11 07:21:08 EDT","ORDER_CANCEL","INSUFFICIENT_MARGIN","","","","","","","","","","","","","",""
"809","2026-06-11 07:21:08 EDT","MARKET_ORDER","CLIENT_ORDER","EUR/USD","","100000.00","Buy","","","","","","","","","",""
"810","2026-06-11 07:21:08 EDT","ORDER_CANCEL","INSUFFICIENT_MARGIN","","","","","","","","","","","","","",""
"811","2026-06-11 07:21:08 EDT","MARKET_ORDER","CLIENT_ORDER","EUR/USD","","100000.00","Sell","","","","","","","","","",""
"812","2026-06-11 07:21:08 EDT","ORDER_CANCEL","INSUFFICIENT_MARGIN","","","","","","","","","","","","","",""
"813","2026-06-11 07:21:08 EDT","MARKET_ORDER","CLIENT_ORDER","EUR/USD","","100000.00","Buy","","","","","","","","","",""
"814","2026-06-11 07:21:08 EDT","ORDER_CANCEL","INSUFFICIENT_MARGIN","","","","","","","","","","","","","",""
"815","2026-06-11 07:21:08 EDT","MARKET_ORDER","CLIENT_ORDER","EUR/USD","","100000.00","Sell","","","","","","","","","",""
"816","2026-06-11 07:21:08 EDT","ORDER_CANCEL","INSUFFICIENT_MARGIN","","","","","","","","","","","","","",""
"817","2026-06-11 07:21:08 EDT","MARKET_ORDER","CLIENT_ORDER","EUR/USD","","100000.00","Buy","","","","","","","","","",""
"818","2026-06-11 07:21:08 EDT","ORDER_CANCEL","INSUFFICIENT_MARGIN","","","","","","","","","","","","","",""
"819","2026-06-11 07:21:08 EDT","MARKET_ORDER","CLIENT_ORDER","EUR/USD","","100000.00","Sell","","","","","","","","","",""
"820","2026-06-11 07:21:08 EDT","ORDER_CANCEL","INSUFFICIENT_MARGIN","","","","","","","","","","","","","",""
"821","2026-06-11 07:21:08 EDT","MARKET_ORDER","CLIENT_ORDER","EUR/USD","","100000.00","Buy","","","","","","","","","",""
"822","2026-06-11 07:21:08 EDT","ORDER_CANCEL","INSUFFICIENT_MARGIN","","","","","","","","","","","","","",""
"823","2026-06-11 07:21:08 EDT","MARKET_ORDER","CLIENT_ORDER","EUR/USD","","100000.00","Sell","","","","","","","","","",""
"824","2026-06-11 07:21:08 EDT","ORDER_CANCEL","INSUFFICIENT_MARGIN","","","","","","","","","","","","","",""
"825","2026-06-11 07:21:08 EDT","MARKET_ORDER","CLIENT_ORDER","EUR/USD","","100000.00","Buy","","","","","","","","","",""
"826","2026-06-11 07:21:08 EDT","ORDER_CANCEL","INSUFFICIENT_MARGIN","","","","","","","","","","","","","",""
"827","2026-06-11 07:21:08 EDT","MARKET_ORDER","CLIENT_ORDER","EUR/USD","","100000.00","Sell","","","","","","","","","",""
"828","2026-06-11 07:21:08 EDT","ORDER_CANCEL","INSUFFICIENT_MARGIN","","","","","","","","","","","","","",""
"829","2026-06-11 07:21:09 EDT","MARKET_ORDER","CLIENT_ORDER","EUR/USD","","100000.00","Buy","","","","","","","","","",""
"830","2026-06-11 07:21:09 EDT","ORDER_CANCEL","INSUFFICIENT_MARGIN","","","","","","","","","","","","","",""
"831","2026-06-11 07:21:09 EDT","MARKET_ORDER","CLIENT_ORDER","EUR/USD","","100000.00","Sell","","","","","","","","","",""
"832","2026-06-11 07:21:09 EDT","ORDER_CANCEL","INSUFFICIENT_MARGIN","","","","","","","","","","","","","",""
"833","2026-06-11 07:21:09 EDT","MARKET_ORDER","CLIENT_ORDER","EUR/USD","","100000.00","Buy","","","","","","","","","",""
"834","2026-06-11 07:21:09 EDT","ORDER_CANCEL","INSUFFICIENT_MARGIN","","","","","","","","","","","","","",""
"835","2026-06-11 07:21:09 EDT","MARKET_ORDER","CLIENT_ORDER","EUR/USD","","100000.00","Sell","","","","","","","","","",""
"836","2026-06-11 07:21:09 EDT","ORDER_CANCEL","INSUFFICIENT_MARGIN","","","","","","","","","","","","","",""
"837","2026-06-11 07:21:09 EDT","MARKET_ORDER","CLIENT_ORDER","EUR/USD","","100000.00","Sell","","","","","","","","","",""
"838","2026-06-11 07:21:09 EDT","ORDER_CANCEL","INSUFFICIENT_MARGIN","","","","","","","","","","","","","",""
"839","2026-06-11 07:21:09 EDT","MARKET_ORDER","CLIENT_ORDER","EUR/USD","","100000.00","Sell","","","","","","","","","",""
"840","2026-06-11 07:21:09 EDT","ORDER_CANCEL","INSUFFICIENT_MARGIN","","","","","","","","","","","","","",""
"841","2026-06-11 07:21:09 EDT","MARKET_ORDER","CLIENT_ORDER","EUR/USD","","100000.00","Buy","","","","","","","","","",""
"842","2026-06-11 07:21:09 EDT","ORDER_CANCEL","INSUFFICIENT_MARGIN","","","","","","","","","","","","","",""
"843","2026-06-11 07:21:09 EDT","MARKET_ORDER","CLIENT_ORDER","EUR/USD","","100000.00","Buy","","","","","","","","","",""
"844","2026-06-11 07:21:09 EDT","ORDER_CANCEL","INSUFFICIENT_MARGIN","","","","","","","","","","","","","",""
"845","2026-06-11 07:21:09 EDT","MARKET_ORDER","CLIENT_ORDER","EUR/USD","","100000.00","Buy","","","","","","","","","",""
"846","2026-06-11 07:21:09 EDT","ORDER_CANCEL","INSUFFICIENT_MARGIN","","","","","","","","","","","","","",""
"847","2026-06-11 07:21:09 EDT","MARKET_ORDER","CLIENT_ORDER","EUR/USD","","100000.00","Sell","","","","","","","","","",""
"848","2026-06-11 07:21:09 EDT","ORDER_CANCEL","INSUFFICIENT_MARGIN","","","","","","","","","","","","","",""
"849","2026-06-11 07:21:09 EDT","MARKET_ORDER","CLIENT_ORDER","EUR/USD","","100000.00","Buy","","","","","","","","","",""
"850","2026-06-11 07:21:09 EDT","ORDER_CANCEL","INSUFFICIENT_MARGIN","","","","","","","","","","","","","",""
"851","2026-06-11 07:21:09 EDT","MARKET_ORDER","CLIENT_ORDER","EUR/USD","","100000.00","Sell","","","","","","","","","",""
"852","2026-06-11 07:21:09 EDT","ORDER_CANCEL","INSUFFICIENT_MARGIN","","","","","","","","","","","","","",""
"853","2026-06-11 07:21:09 EDT","MARKET_ORDER","CLIENT_ORDER","EUR/USD","","100000.00","Buy","","","","","","","","","",""
"854","2026-06-11 07:21:09 EDT","ORDER_CANCEL","INSUFFICIENT_MARGIN","","","","","","","","","","","","","",""
"855","2026-06-11 07:21:09 EDT","MARKET_ORDER","CLIENT_ORDER","EUR/USD","","100000.00","Sell","","","","","","","","","",""
"856","2026-06-11 07:21:09 EDT","ORDER_CANCEL","INSUFFICIENT_MARGIN","","","","","","","","","","","","","",""
"857","2026-06-11 07:21:09 EDT","MARKET_ORDER","CLIENT_ORDER","EUR/USD","","100000.00","Buy","","","","","","","","","",""
"858","2026-06-11 07:21:09 EDT","ORDER_CANCEL","INSUFFICIENT_MARGIN","","","","","","","","","","","","","",""
"859","2026-06-11 07:21:09 EDT","MARKET_ORDER","CLIENT_ORDER","EUR/USD","","100000.00","Sell","","","","","","","","","",""
"860","2026-06-11 07:21:09 EDT","ORDER_CANCEL","INSUFFICIENT_MARGIN","","","","","","","","","","","","","",""
"861","2026-06-11 07:21:09 EDT","MARKET_ORDER","CLIENT_ORDER","EUR/USD","","100000.00","Buy","","","","","","","","","",""
"862","2026-06-11 07:21:09 EDT","ORDER_CANCEL","INSUFFICIENT_MARGIN","","","","","","","","","","","","","",""
"863","2026-06-11 07:21:09 EDT","MARKET_ORDER","CLIENT_ORDER","EUR/USD","","100000.00","Sell","","","","","","","","","",""
"864","2026-06-11 07:21:09 EDT","ORDER_CANCEL","INSUFFICIENT_MARGIN","","","","","","","","","","","","","",""
"865","2026-06-11 07:21:09 EDT","MARKET_ORDER","CLIENT_ORDER","EUR/USD","","100000.00","Buy","","","","","","","","","",""
"866","2026-06-11 07:21:09 EDT","ORDER_CANCEL","INSUFFICIENT_MARGIN","","","","","","","","","","","","","",""
"867","2026-06-11 07:21:09 EDT","MARKET_ORDER","CLIENT_ORDER","EUR/USD","","100000.00","Sell","","","","","","","","","",""
"868","2026-06-11 07:21:09 EDT","ORDER_CANCEL","INSUFFICIENT_MARGIN","","","","","","","","","","","","","",""
"869","2026-06-11 07:21:09 EDT","MARKET_ORDER","CLIENT_ORDER","EUR/USD","","100000.00","Buy","","","","","","","","","",""
"870","2026-06-11 07:21:09 EDT","ORDER_CANCEL","INSUFFICIENT_MARGIN","","","","","","","","","","","","","",""
"871","2026-06-11 07:21:09 EDT","MARKET_ORDER","CLIENT_ORDER","EUR/USD","","100000.00","Sell","","","","","","","","","",""
"872","2026-06-11 07:21:09 EDT","ORDER_CANCEL","INSUFFICIENT_MARGIN","","","","","","","","","","","","","",""
"873","2026-06-11 07:21:09 EDT","MARKET_ORDER","CLIENT_ORDER","EUR/USD","","100000.00","Buy","","","","","","","","","",""
"874","2026-06-11 07:21:09 EDT","ORDER_CANCEL","INSUFFICIENT_MARGIN","","","","","","","","","","","","","",""
"875","2026-06-11 07:21:10 EDT","MARKET_ORDER","CLIENT_ORDER","EUR/USD","","100000.00","Sell","","","","","","","","","",""
"876","2026-06-11 07:21:10 EDT","ORDER_CANCEL","INSUFFICIENT_MARGIN","","","","","","","","","","","","","",""
"877","2026-06-11 07:21:10 EDT","MARKET_ORDER","CLIENT_ORDER","EUR/USD","","100000.00","Sell","","","","","","","","","",""
"878","2026-06-11 07:21:10 EDT","ORDER_CANCEL","INSUFFICIENT_MARGIN","","","","","","","","","","","","","",""
"879","2026-06-11 07:21:10 EDT","MARKET_ORDER","CLIENT_ORDER","EUR/USD","","100000.00","Sell","","","","","","","","","",""
"880","2026-06-11 07:21:10 EDT","ORDER_CANCEL","INSUFFICIENT_MARGIN","","","","","","","","","","","","","",""
"881","2026-06-11 07:21:10 EDT","MARKET_ORDER","CLIENT_ORDER","EUR/USD","","100000.00","Buy","","","","","","","","","",""
"882","2026-06-11 07:21:10 EDT","ORDER_CANCEL","INSUFFICIENT_MARGIN","","","","","","","","","","","","","",""
"883","2026-06-11 07:21:10 EDT","MARKET_ORDER","CLIENT_ORDER","EUR/USD","","100000.00","Buy","","","","","","","","","",""
"884","2026-06-11 07:21:10 EDT","ORDER_CANCEL","INSUFFICIENT_MARGIN","","","","","","","","","","","","","",""
"885","2026-06-11 07:21:10 EDT","MARKET_ORDER","CLIENT_ORDER","EUR/USD","","100000.00","Buy","","","","","","","","","",""
"886","2026-06-11 07:21:10 EDT","ORDER_CANCEL","INSUFFICIENT_MARGIN","","","","","","","","","","","","","",""
"887","2026-06-11 07:21:10 EDT","MARKET_ORDER","CLIENT_ORDER","EUR/USD","","100000.00","Sell","","","","","","","","","",""
"888","2026-06-11 07:21:10 EDT","ORDER_CANCEL","INSUFFICIENT_MARGIN","","","","","","","","","","","","","",""
"889","2026-06-11 07:21:10 EDT","MARKET_ORDER","CLIENT_ORDER","EUR/USD","","100000.00","Sell","","","","","","","","","",""
"890","2026-06-11 07:21:10 EDT","ORDER_CANCEL","INSUFFICIENT_MARGIN","","","","","","","","","","","","","",""
"891","2026-06-11 07:21:10 EDT","MARKET_ORDER","CLIENT_ORDER","EUR/USD","","100000.00","Buy","","","","","","","","","",""
"892","2026-06-11 07:21:10 EDT","ORDER_CANCEL","INSUFFICIENT_MARGIN","","","","","","","","","","","","","",""
"893","2026-06-11 07:21:10 EDT","MARKET_ORDER","CLIENT_ORDER","EUR/USD","","100000.00","Sell","","","","","","","","","",""
"894","2026-06-11 07:21:10 EDT","ORDER_CANCEL","INSUFFICIENT_MARGIN","","","","","","","","","","","","","",""
"895","2026-06-11 07:21:10 EDT","MARKET_ORDER","CLIENT_ORDER","EUR/USD","","100000.00","Buy","","","","","","","","","",""
"896","2026-06-11 07:21:10 EDT","ORDER_CANCEL","INSUFFICIENT_MARGIN","","","","","","","","","","","","","",""
"897","2026-06-11 07:21:10 EDT","MARKET_ORDER","CLIENT_ORDER","EUR/USD","","100000.00","Sell","","","","","","","","","",""
"898","2026-06-11 07:21:10 EDT","ORDER_CANCEL","INSUFFICIENT_MARGIN","","","","","","","","","","","","","",""
"899","2026-06-11 07:21:10 EDT","MARKET_ORDER","CLIENT_ORDER","EUR/USD","","100000.00","Buy","","","","","","","","","",""
"900","2026-06-11 07:21:10 EDT","ORDER_CANCEL","INSUFFICIENT_MARGIN","","","","","","","","","","","","","",""
"901","2026-06-11 07:21:10 EDT","MARKET_ORDER","CLIENT_ORDER","EUR/USD","","100000.00","Sell","","","","","","","","","",""
"902","2026-06-11 07:21:10 EDT","ORDER_CANCEL","INSUFFICIENT_MARGIN","","","","","","","","","","","","","",""
"903","2026-06-11 07:21:10 EDT","MARKET_ORDER","CLIENT_ORDER","EUR/USD","","100000.00","Buy","","","","","","","","","",""
"904","2026-06-11 07:21:10 EDT","ORDER_CANCEL","INSUFFICIENT_MARGIN","","","","","","","","","","","","","",""
"905","2026-06-11 07:21:10 EDT","MARKET_ORDER","CLIENT_ORDER","EUR/USD","","100000.00","Sell","","","","","","","","","",""
"906","2026-06-11 07:21:10 EDT","ORDER_CANCEL","INSUFFICIENT_MARGIN","","","","","","","","","","","","","",""
"907","2026-06-11 07:21:10 EDT","MARKET_ORDER","CLIENT_ORDER","EUR/USD","","100000.00","Buy","","","","","","","","","",""
"908","2026-06-11 07:21:10 EDT","ORDER_CANCEL","INSUFFICIENT_MARGIN","","","","","","","","","","","","","",""
"909","2026-06-11 07:21:10 EDT","MARKET_ORDER","CLIENT_ORDER","EUR/USD","","100000.00","Sell","","","","","","","","","",""
"910","2026-06-11 07:21:10 EDT","ORDER_CANCEL","INSUFFICIENT_MARGIN","","","","","","","","","","","","","",""
"911","2026-06-11 07:21:10 EDT","MARKET_ORDER","CLIENT_ORDER","EUR/USD","","100000.00","Buy","","","","","","","","","",""
"912","2026-06-11 07:21:10 EDT","ORDER_CANCEL","INSUFFICIENT_MARGIN","","","","","","","","","","","","","",""
"913","2026-06-11 07:21:10 EDT","MARKET_ORDER","CLIENT_ORDER","EUR/USD","","100000.00","Sell","","","","","","","","","",""
"914","2026-06-11 07:21:10 EDT","ORDER_CANCEL","INSUFFICIENT_MARGIN","","","","","","","","","","","","","",""
"915","2026-06-11 07:21:10 EDT","MARKET_ORDER","CLIENT_ORDER","EUR/USD","","100000.00","Sell","","","","","","","","","",""
"916","2026-06-11 07:21:10 EDT","ORDER_CANCEL","INSUFFICIENT_MARGIN","","","","","","","","","","","","","",""
"917","2026-06-11 07:21:10 EDT","MARKET_ORDER","CLIENT_ORDER","EUR/USD","","100000.00","Sell","","","","","","","","","",""
"918","2026-06-11 07:21:10 EDT","ORDER_CANCEL","INSUFFICIENT_MARGIN","","","","","","","","","","","","","",""
"919","2026-06-11 07:21:11 EDT","MARKET_ORDER","CLIENT_ORDER","EUR/USD","","100000.00","Buy","","","","","","","","","",""
"920","2026-06-11 07:21:11 EDT","ORDER_CANCEL","INSUFFICIENT_MARGIN","","","","","","","","","","","","","",""
"921","2026-06-11 07:21:11 EDT","MARKET_ORDER","CLIENT_ORDER","EUR/USD","","100000.00","Buy","","","","","","","","","",""
"922","2026-06-11 07:21:11 EDT","ORDER_CANCEL","INSUFFICIENT_MARGIN","","","","","","","","","","","","","",""
"923","2026-06-11 07:21:11 EDT","MARKET_ORDER","CLIENT_ORDER","EUR/USD","","100000.00","Buy","","","","","","","","","",""
"924","2026-06-11 07:21:11 EDT","ORDER_CANCEL","INSUFFICIENT_MARGIN","","","","","","","","","","","","","",""
"925","2026-06-11 07:21:11 EDT","MARKET_ORDER","CLIENT_ORDER","EUR/USD","","100000.00","Sell","","","","","","","","","",""
"926","2026-06-11 07:21:11 EDT","ORDER_CANCEL","INSUFFICIENT_MARGIN","","","","","","","","","","","","","",""
"927","2026-06-11 07:21:11 EDT","MARKET_ORDER","CLIENT_ORDER","EUR/USD","","100000.00","Buy","","","","","","","","","",""
"928","2026-06-11 07:21:11 EDT","ORDER_CANCEL","INSUFFICIENT_MARGIN","","","","","","","","","","","","","",""
"929","2026-06-11 07:21:11 EDT","MARKET_ORDER","CLIENT_ORDER","EUR/USD","","100000.00","Sell","","","","","","","","","",""
"930","2026-06-11 07:21:11 EDT","ORDER_CANCEL","INSUFFICIENT_MARGIN","","","","","","","","","","","","","",""
"931","2026-06-11 07:21:11 EDT","MARKET_ORDER","CLIENT_ORDER","EUR/USD","","100000.00","Buy","","","","","","","","","",""
"932","2026-06-11 07:21:11 EDT","ORDER_CANCEL","INSUFFICIENT_MARGIN","","","","","","","","","","","","","",""
"933","2026-06-11 07:21:11 EDT","MARKET_ORDER","CLIENT_ORDER","EUR/USD","","100000.00","Sell","","","","","","","","","",""
"934","2026-06-11 07:21:11 EDT","ORDER_CANCEL","INSUFFICIENT_MARGIN","","","","","","","","","","","","","",""
"935","2026-06-11 07:21:11 EDT","MARKET_ORDER","CLIENT_ORDER","EUR/USD","","100000.00","Buy","","","","","","","","","",""
"936","2026-06-11 07:21:11 EDT","ORDER_CANCEL","INSUFFICIENT_MARGIN","","","","","","","","","","","","","",""
"937","2026-06-11 07:21:11 EDT","MARKET_ORDER","CLIENT_ORDER","EUR/USD","","100000.00","Sell","","","","","","","","","",""
"938","2026-06-11 07:21:11 EDT","ORDER_CANCEL","INSUFFICIENT_MARGIN","","","","","","","","","","","","","",""
"939","2026-06-11 07:21:11 EDT","MARKET_ORDER","CLIENT_ORDER","EUR/USD","","100000.00","Buy","","","","","","","","","",""
"940","2026-06-11 07:21:11 EDT","ORDER_CANCEL","INSUFFICIENT_MARGIN","","","","","","","","","","","","","",""
"941","2026-06-11 07:21:11 EDT","MARKET_ORDER","CLIENT_ORDER","EUR/USD","","100000.00","Sell","","","","","","","","","",""
"942","2026-06-11 07:21:11 EDT","ORDER_CANCEL","INSUFFICIENT_MARGIN","","","","","","","","","","","","","",""
"943","2026-06-11 07:21:11 EDT","MARKET_ORDER","CLIENT_ORDER","EUR/USD","","100000.00","Buy","","","","","","","","","",""
"944","2026-06-11 07:21:11 EDT","ORDER_CANCEL","INSUFFICIENT_MARGIN","","","","","","","","","","","","","",""
"945","2026-06-11 07:21:11 EDT","MARKET_ORDER","CLIENT_ORDER","EUR/USD","","100000.00","Sell","","","","","","","","","",""
"946","2026-06-11 07:21:11 EDT","ORDER_CANCEL","INSUFFICIENT_MARGIN","","","","","","","","","","","","","",""
"947","2026-06-11 07:21:11 EDT","MARKET_ORDER","CLIENT_ORDER","EUR/USD","","100000.00","Buy","","","","","","","","","",""
"948","2026-06-11 07:21:11 EDT","ORDER_CANCEL","INSUFFICIENT_MARGIN","","","","","","","","","","","","","",""
"949","2026-06-11 07:21:11 EDT","MARKET_ORDER","CLIENT_ORDER","EUR/USD","","100000.00","Sell","","","","","","","","","",""
"950","2026-06-11 07:21:11 EDT","ORDER_CANCEL","INSUFFICIENT_MARGIN","","","","","","","","","","","","","",""
"951","2026-06-11 07:21:11 EDT","MARKET_ORDER","CLIENT_ORDER","EUR/USD","","100000.00","Sell","","","","","","","","","",""
"952","2026-06-11 07:21:11 EDT","ORDER_CANCEL","INSUFFICIENT_MARGIN","","","","","","","","","","","","","",""
"953","2026-06-11 07:21:11 EDT","MARKET_ORDER","CLIENT_ORDER","EUR/USD","","100000.00","Sell","","","","","","","","","",""
"954","2026-06-11 07:21:11 EDT","ORDER_CANCEL","INSUFFICIENT_MARGIN","","","","","","","","","","","","","",""
"955","2026-06-11 07:21:11 EDT","MARKET_ORDER","CLIENT_ORDER","EUR/USD","","100000.00","Buy","","","","","","","","","",""
"956","2026-06-11 07:21:11 EDT","ORDER_CANCEL","INSUFFICIENT_MARGIN","","","","","","","","","","","","","",""
"957","2026-06-11 07:21:11 EDT","MARKET_ORDER","CLIENT_ORDER","EUR/USD","","100000.00","Buy","","","","","","","","","",""
"958","2026-06-11 07:21:11 EDT","ORDER_CANCEL","INSUFFICIENT_MARGIN","","","","","","","","","","","","","",""
"959","2026-06-11 07:21:11 EDT","MARKET_ORDER","CLIENT_ORDER","EUR/USD","","100000.00","Buy","","","","","","","","","",""
"960","2026-06-11 07:21:11 EDT","ORDER_CANCEL","INSUFFICIENT_MARGIN","","","","","","","","","","","","","",""
"961","2026-06-11 07:21:11 EDT","MARKET_ORDER","CLIENT_ORDER","EUR/USD","","100000.00","Sell","","","","","","","","","",""
"962","2026-06-11 07:21:11 EDT","ORDER_CANCEL","INSUFFICIENT_MARGIN","","","","","","","","","","","","","",""
"963","2026-06-11 07:21:11 EDT","MARKET_ORDER","CLIENT_ORDER","EUR/USD","","100000.00","Sell","","","","","","","","","",""
"964","2026-06-11 07:21:11 EDT","ORDER_CANCEL","INSUFFICIENT_MARGIN","","","","","","","","","","","","","",""
"965","2026-06-11 07:21:12 EDT","MARKET_ORDER","CLIENT_ORDER","EUR/USD","","100000.00","Buy","","","","","","","","","",""
"966","2026-06-11 07:21:12 EDT","ORDER_CANCEL","INSUFFICIENT_MARGIN","","","","","","","","","","","","","",""
"967","2026-06-11 07:21:12 EDT","MARKET_ORDER","CLIENT_ORDER","EUR/USD","","100000.00","Sell","","","","","","","","","",""
"968","2026-06-11 07:21:12 EDT","ORDER_CANCEL","INSUFFICIENT_MARGIN","","","","","","","","","","","","","",""
"969","2026-06-11 07:21:12 EDT","MARKET_ORDER","CLIENT_ORDER","EUR/USD","","100000.00","Buy","","","","","","","","","",""
"970","2026-06-11 07:21:12 EDT","ORDER_CANCEL","INSUFFICIENT_MARGIN","","","","","","","","","","","","","",""
"971","2026-06-11 07:21:12 EDT","MARKET_ORDER","CLIENT_ORDER","EUR/USD","","100000.00","Sell","","","","","","","","","",""
"972","2026-06-11 07:21:12 EDT","ORDER_CANCEL","INSUFFICIENT_MARGIN","","","","","","","","","","","","","",""
"973","2026-06-11 07:21:12 EDT","MARKET_ORDER","CLIENT_ORDER","EUR/USD","","100000.00","Buy","","","","","","","","","",""
"974","2026-06-11 07:21:12 EDT","ORDER_CANCEL","INSUFFICIENT_MARGIN","","","","","","","","","","","","","",""
"975","2026-06-11 07:21:12 EDT","MARKET_ORDER","CLIENT_ORDER","EUR/USD","","100000.00","Sell","","","","","","","","","",""
"976","2026-06-11 07:21:12 EDT","ORDER_CANCEL","INSUFFICIENT_MARGIN","","","","","","","","","","","","","",""
"977","2026-06-11 07:21:12 EDT","MARKET_ORDER","CLIENT_ORDER","EUR/USD","","100000.00","Buy","","","","","","","","","",""
"978","2026-06-11 07:21:12 EDT","ORDER_CANCEL","INSUFFICIENT_MARGIN","","","","","","","","","","","","","",""
"979","2026-06-11 07:21:12 EDT","MARKET_ORDER","CLIENT_ORDER","EUR/USD","","100000.00","Sell","","","","","","","","","",""
"980","2026-06-11 07:21:12 EDT","ORDER_CANCEL","INSUFFICIENT_MARGIN","","","","","","","","","","","","","",""
"981","2026-06-11 07:21:12 EDT","MARKET_ORDER","CLIENT_ORDER","EUR/USD","","100000.00","Buy","","","","","","","","","",""
"982","2026-06-11 07:21:12 EDT","ORDER_CANCEL","INSUFFICIENT_MARGIN","","","","","","","","","","","","","",""
"983","2026-06-11 07:21:12 EDT","MARKET_ORDER","CLIENT_ORDER","EUR/USD","","100000.00","Sell","","","","","","","","","",""
"984","2026-06-11 07:21:12 EDT","ORDER_CANCEL","INSUFFICIENT_MARGIN","","","","","","","","","","","","","",""
"985","2026-06-11 07:21:12 EDT","MARKET_ORDER","CLIENT_ORDER","EUR/USD","","100000.00","Sell","","","","","","","","","",""
"986","2026-06-11 07:21:12 EDT","ORDER_CANCEL","INSUFFICIENT_MARGIN","","","","","","","","","","","","","",""
"987","2026-06-11 07:21:12 EDT","MARKET_ORDER","CLIENT_ORDER","EUR/USD","","100000.00","Sell","","","","","","","","","",""
"988","2026-06-11 07:21:12 EDT","ORDER_CANCEL","INSUFFICIENT_MARGIN","","","","","","","","","","","","","",""
"989","2026-06-11 07:21:12 EDT","MARKET_ORDER","CLIENT_ORDER","EUR/USD","","100000.00","Buy","","","","","","","","","",""
"990","2026-06-11 07:21:12 EDT","ORDER_CANCEL","INSUFFICIENT_MARGIN","","","","","","","","","","","","","",""
"991","2026-06-11 07:21:12 EDT","MARKET_ORDER","CLIENT_ORDER","EUR/USD","","100000.00","Buy","","","","","","","","","",""
"992","2026-06-11 07:21:12 EDT","ORDER_CANCEL","INSUFFICIENT_MARGIN","","","","","","","","","","","","","",""
"993","2026-06-11 07:21:12 EDT","MARKET_ORDER","CLIENT_ORDER","EUR/USD","","100000.00","Buy","","","","","","","","","",""
"994","2026-06-11 07:21:12 EDT","ORDER_CANCEL","INSUFFICIENT_MARGIN","","","","","","","","","","","","","",""
"995","2026-06-11 07:21:12 EDT","MARKET_ORDER","CLIENT_ORDER","EUR/USD","","100000.00","Sell","","","","","","","","","",""
"996","2026-06-11 07:21:12 EDT","ORDER_CANCEL","INSUFFICIENT_MARGIN","","","","","","","","","","","","","",""
"997","2026-06-11 07:21:12 EDT","MARKET_ORDER","CLIENT_ORDER","EUR/USD","","100000.00","Buy","","","","","","","","","",""
"998","2026-06-11 07:21:12 EDT","ORDER_CANCEL","INSUFFICIENT_MARGIN","","","","","","","","","","","","","",""
"999","2026-06-11 07:21:12 EDT","MARKET_ORDER","CLIENT_ORDER","EUR/USD","","100000.00","Sell","","","","","","","","","",""
"1000","2026-06-11 07:21:12 EDT","ORDER_CANCEL","INSUFFICIENT_MARGIN","","","","","","","","","","","","","",""
"1001","2026-06-11 07:21:12 EDT","MARKET_ORDER","CLIENT_ORDER","EUR/USD","","100000.00","Buy","","","","","","","","","",""
"1002","2026-06-11 07:21:12 EDT","ORDER_CANCEL","INSUFFICIENT_MARGIN","","","","","","","","","","","","","",""
"1003","2026-06-11 07:21:12 EDT","MARKET_ORDER","CLIENT_ORDER","EUR/USD","","100000.00","Sell","","","","","","","","","",""
"1004","2026-06-11 07:21:12 EDT","ORDER_CANCEL","INSUFFICIENT_MARGIN","","","","","","","","","","","","","",""
"1005","2026-06-11 07:21:12 EDT","MARKET_ORDER","CLIENT_ORDER","EUR/USD","","100000.00","Buy","","","","","","","","","",""
"1006","2026-06-11 07:21:12 EDT","ORDER_CANCEL","INSUFFICIENT_MARGIN","","","","","","","","","","","","","",""
"1007","2026-06-11 07:21:12 EDT","MARKET_ORDER","CLIENT_ORDER","EUR/USD","","100000.00","Sell","","","","","","","","","",""
"1008","2026-06-11 07:21:12 EDT","ORDER_CANCEL","INSUFFICIENT_MARGIN","","","","","","","","","","","","","",""
"1009","2026-06-11 07:21:12 EDT","MARKET_ORDER","CLIENT_ORDER","EUR/USD","","100000.00","Buy","","","","","","","","","",""
"1010","2026-06-11 07:21:12 EDT","ORDER_CANCEL","INSUFFICIENT_MARGIN","","","","","","","","","","","","","",""
"1011","2026-06-11 07:21:13 EDT","MARKET_ORDER","CLIENT_ORDER","EUR/USD","","100000.00","Sell","","","","","","","","","",""
"1012","2026-06-11 07:21:13 EDT","ORDER_CANCEL","INSUFFICIENT_MARGIN","","","","","","","","","","","","","",""
"1013","2026-06-11 07:21:13 EDT","MARKET_ORDER","CLIENT_ORDER","EUR/USD","","100000.00","Buy","","","","","","","","","",""
"1014","2026-06-11 07:21:13 EDT","ORDER_CANCEL","INSUFFICIENT_MARGIN","","","","","","","","","","","","","",""
"1015","2026-06-11 07:21:13 EDT","MARKET_ORDER","CLIENT_ORDER","EUR/USD","","100000.00","Sell","","","","","","","","","",""
"1016","2026-06-11 07:21:13 EDT","ORDER_CANCEL","INSUFFICIENT_MARGIN","","","","","","","","","","","","","",""
"1017","2026-06-11 07:21:13 EDT","MARKET_ORDER","CLIENT_ORDER","EUR/USD","","100000.00","Sell","","","","","","","","","",""
"1018","2026-06-11 07:21:13 EDT","ORDER_CANCEL","INSUFFICIENT_MARGIN","","","","","","","","","","","","","",""
"1019","2026-06-11 07:21:13 EDT","MARKET_ORDER","CLIENT_ORDER","EUR/USD","","100000.00","Sell","","","","","","","","","",""
"1020","2026-06-11 07:21:13 EDT","ORDER_CANCEL","INSUFFICIENT_MARGIN","","","","","","","","","","","","","",""
"1021","2026-06-11 07:21:13 EDT","MARKET_ORDER","CLIENT_ORDER","EUR/USD","","100000.00","Buy","","","","","","","","","",""
"1022","2026-06-11 07:21:13 EDT","ORDER_CANCEL","INSUFFICIENT_MARGIN","","","","","","","","","","","","","",""
"1023","2026-06-11 07:21:13 EDT","MARKET_ORDER","CLIENT_ORDER","EUR/USD","","100000.00","Buy","","","","","","","","","",""
"1024","2026-06-11 07:21:13 EDT","ORDER_CANCEL","INSUFFICIENT_MARGIN","","","","","","","","","","","","","",""
"1025","2026-06-11 07:21:13 EDT","MARKET_ORDER","CLIENT_ORDER","EUR/USD","","100000.00","Buy","","","","","","","","","",""
"1026","2026-06-11 07:21:13 EDT","ORDER_CANCEL","INSUFFICIENT_MARGIN","","","","","","","","","","","","","",""
"1027","2026-06-11 07:21:13 EDT","MARKET_ORDER","CLIENT_ORDER","EUR/USD","","100000.00","Sell","","","","","","","","","",""
"1028","2026-06-11 07:21:13 EDT","ORDER_CANCEL","INSUFFICIENT_MARGIN","","","","","","","","","","","","","",""
"1029","2026-06-11 07:21:13 EDT","MARKET_ORDER","CLIENT_ORDER","EUR/USD","","100000.00","Sell","","","","","","","","","",""
"1030","2026-06-11 07:21:13 EDT","ORDER_CANCEL","INSUFFICIENT_MARGIN","","","","","","","","","","","","","",""
"1031","2026-06-11 07:21:13 EDT","MARKET_ORDER","CLIENT_ORDER","EUR/USD","","100000.00","Buy","","","","","","","","","",""
"1032","2026-06-11 07:21:13 EDT","ORDER_CANCEL","INSUFFICIENT_MARGIN","","","","","","","","","","","","","",""
"1033","2026-06-11 07:21:13 EDT","MARKET_ORDER","CLIENT_ORDER","EUR/USD","","100000.00","Sell","","","","","","","","","",""
"1034","2026-06-11 07:21:13 EDT","ORDER_CANCEL","INSUFFICIENT_MARGIN","","","","","","","","","","","","","",""
"1035","2026-06-11 07:21:13 EDT","MARKET_ORDER","CLIENT_ORDER","EUR/USD","","100000.00","Buy","","","","","","","","","",""
"1036","2026-06-11 07:21:13 EDT","ORDER_CANCEL","INSUFFICIENT_MARGIN","","","","","","","","","","","","","",""
"1037","2026-06-11 07:21:13 EDT","MARKET_ORDER","CLIENT_ORDER","EUR/USD","","100000.00","Sell","","","","","","","","","",""
"1038","2026-06-11 07:21:13 EDT","ORDER_CANCEL","INSUFFICIENT_MARGIN","","","","","","","","","","","","","",""
"1039","2026-06-11 07:21:13 EDT","MARKET_ORDER","CLIENT_ORDER","EUR/USD","","100000.00","Buy","","","","","","","","","",""
"1040","2026-06-11 07:21:13 EDT","ORDER_CANCEL","INSUFFICIENT_MARGIN","","","","","","","","","","","","","",""
"1041","2026-06-11 07:21:13 EDT","MARKET_ORDER","CLIENT_ORDER","EUR/USD","","100000.00","Sell","","","","","","","","","",""
"1042","2026-06-11 07:21:13 EDT","ORDER_CANCEL","INSUFFICIENT_MARGIN","","","","","","","","","","","","","",""
"1043","2026-06-11 07:21:13 EDT","MARKET_ORDER","CLIENT_ORDER","EUR/USD","","100000.00","Buy","","","","","","","","","",""
"1044","2026-06-11 07:21:13 EDT","ORDER_CANCEL","INSUFFICIENT_MARGIN","","","","","","","","","","","","","",""
"1045","2026-06-11 07:21:13 EDT","MARKET_ORDER","CLIENT_ORDER","EUR/USD","","100000.00","Sell","","","","","","","","","",""
"1046","2026-06-11 07:21:13 EDT","ORDER_CANCEL","INSUFFICIENT_MARGIN","","","","","","","","","","","","","",""
"1047","2026-06-11 07:21:13 EDT","MARKET_ORDER","CLIENT_ORDER","EUR/USD","","100000.00","Sell","","","","","","","","","",""
"1048","2026-06-11 07:21:13 EDT","ORDER_CANCEL","INSUFFICIENT_MARGIN","","","","","","","","","","","","","",""
"1049","2026-06-11 07:21:13 EDT","MARKET_ORDER","CLIENT_ORDER","EUR/USD","","100000.00","Sell","","","","","","","","","",""
"1050","2026-06-11 07:21:13 EDT","ORDER_CANCEL","INSUFFICIENT_MARGIN","","","","","","","","","","","","","",""
"1051","2026-06-11 07:21:13 EDT","MARKET_ORDER","CLIENT_ORDER","EUR/USD","","100000.00","Buy","","","","","","","","","",""
"1052","2026-06-11 07:21:13 EDT","ORDER_CANCEL","INSUFFICIENT_MARGIN","","","","","","","","","","","","","",""
"1053","2026-06-11 07:21:14 EDT","MARKET_ORDER","CLIENT_ORDER","EUR/USD","","100000.00","Buy","","","","","","","","","",""
"1054","2026-06-11 07:21:14 EDT","ORDER_CANCEL","INSUFFICIENT_MARGIN","","","","","","","","","","","","","",""
"1055","2026-06-11 07:21:14 EDT","MARKET_ORDER","CLIENT_ORDER","EUR/USD","","100000.00","Buy","","","","","","","","","",""
"1056","2026-06-11 07:21:14 EDT","ORDER_CANCEL","INSUFFICIENT_MARGIN","","","","","","","","","","","","","",""
"1057","2026-06-11 07:21:14 EDT","MARKET_ORDER","CLIENT_ORDER","EUR/USD","","100000.00","Sell","","","","","","","","","",""
"1058","2026-06-11 07:21:14 EDT","ORDER_CANCEL","INSUFFICIENT_MARGIN","","","","","","","","","","","","","",""
"1059","2026-06-11 07:21:14 EDT","MARKET_ORDER","CLIENT_ORDER","EUR/USD","","100000.00","Buy","","","","","","","","","",""
"1060","2026-06-11 07:21:14 EDT","ORDER_CANCEL","INSUFFICIENT_MARGIN","","","","","","","","","","","","","",""
"1061","2026-06-11 07:21:14 EDT","MARKET_ORDER","CLIENT_ORDER","EUR/USD","","100000.00","Sell","","","","","","","","","",""
"1062","2026-06-11 07:21:14 EDT","ORDER_CANCEL","INSUFFICIENT_MARGIN","","","","","","","","","","","","","",""
"1063","2026-06-11 07:21:14 EDT","MARKET_ORDER","CLIENT_ORDER","EUR/USD","","100000.00","Buy","","","","","","","","","",""
"1064","2026-06-11 07:21:14 EDT","ORDER_CANCEL","INSUFFICIENT_MARGIN","","","","","","","","","","","","","",""
"1065","2026-06-11 07:21:14 EDT","MARKET_ORDER","CLIENT_ORDER","EUR/USD","","100000.00","Sell","","","","","","","","","",""
"1066","2026-06-11 07:21:14 EDT","ORDER_CANCEL","INSUFFICIENT_MARGIN","","","","","","","","","","","","","",""
"1067","2026-06-11 07:21:14 EDT","MARKET_ORDER","CLIENT_ORDER","EUR/USD","","100000.00","Buy","","","","","","","","","",""
"1068","2026-06-11 07:21:14 EDT","ORDER_CANCEL","INSUFFICIENT_MARGIN","","","","","","","","","","","","","",""
"1069","2026-06-11 07:21:14 EDT","MARKET_ORDER","CLIENT_ORDER","EUR/USD","","100000.00","Sell","","","","","","","","","",""
"1070","2026-06-11 07:21:14 EDT","ORDER_CANCEL","INSUFFICIENT_MARGIN","","","","","","","","","","","","","",""
"1071","2026-06-11 07:21:14 EDT","MARKET_ORDER","CLIENT_ORDER","EUR/USD","","100000.00","Buy","","","","","","","","","",""
"1072","2026-06-11 07:21:14 EDT","ORDER_CANCEL","INSUFFICIENT_MARGIN","","","","","","","","","","","","","",""
"1073","2026-06-11 07:21:14 EDT","MARKET_ORDER","CLIENT_ORDER","EUR/USD","","100000.00","Sell","","","","","","","","","",""
"1074","2026-06-11 07:21:14 EDT","ORDER_CANCEL","INSUFFICIENT_MARGIN","","","","","","","","","","","","","",""
"1075","2026-06-11 07:21:14 EDT","MARKET_ORDER","CLIENT_ORDER","EUR/USD","","100000.00","Sell","","","","","","","","","",""
"1076","2026-06-11 07:21:14 EDT","ORDER_CANCEL","INSUFFICIENT_MARGIN","","","","","","","","","","","","","",""
"1077","2026-06-11 07:21:14 EDT","MARKET_ORDER","CLIENT_ORDER","EUR/USD","","100000.00","Sell","","","","","","","","","",""
"1078","2026-06-11 07:21:14 EDT","ORDER_CANCEL","INSUFFICIENT_MARGIN","","","","","","","","","","","","","",""
"1079","2026-06-11 07:21:14 EDT","MARKET_ORDER","CLIENT_ORDER","EUR/USD","","100000.00","Buy","","","","","","","","","",""
"1080","2026-06-11 07:21:14 EDT","ORDER_CANCEL","INSUFFICIENT_MARGIN","","","","","","","","","","","","","",""
"1081","2026-06-11 07:21:14 EDT","MARKET_ORDER","CLIENT_ORDER","EUR/USD","","100000.00","Buy","","","","","","","","","",""
"1082","2026-06-11 07:21:14 EDT","ORDER_CANCEL","INSUFFICIENT_MARGIN","","","","","","","","","","","","","",""
"1083","2026-06-11 07:21:14 EDT","MARKET_ORDER","CLIENT_ORDER","EUR/USD","","100000.00","Buy","","","","","","","","","",""
"1084","2026-06-11 07:21:14 EDT","ORDER_CANCEL","INSUFFICIENT_MARGIN","","","","","","","","","","","","","",""
"1085","2026-06-11 07:21:14 EDT","MARKET_ORDER","CLIENT_ORDER","EUR/USD","","100000.00","Sell","","","","","","","","","",""
"1086","2026-06-11 07:21:14 EDT","ORDER_CANCEL","INSUFFICIENT_MARGIN","","","","","","","","","","","","","",""
"1087","2026-06-11 07:21:14 EDT","MARKET_ORDER","CLIENT_ORDER","EUR/USD","","100000.00","Sell","","","","","","","","","",""
"1088","2026-06-11 07:21:14 EDT","ORDER_CANCEL","INSUFFICIENT_MARGIN","","","","","","","","","","","","","",""
"1089","2026-06-11 07:21:14 EDT","MARKET_ORDER","CLIENT_ORDER","EUR/USD","","100000.00","Buy","","","","","","","","","",""
"1090","2026-06-11 07:21:14 EDT","ORDER_CANCEL","INSUFFICIENT_MARGIN","","","","","","","","","","","","","",""
"1091","2026-06-11 07:21:14 EDT","MARKET_ORDER","CLIENT_ORDER","EUR/USD","","100000.00","Sell","","","","","","","","","",""
"1092","2026-06-11 07:21:14 EDT","ORDER_CANCEL","INSUFFICIENT_MARGIN","","","","","","","","","","","","","",""
"1093","2026-06-11 07:21:14 EDT","MARKET_ORDER","CLIENT_ORDER","EUR/USD","","100000.00","Buy","","","","","","","","","",""
"1094","2026-06-11 07:21:14 EDT","ORDER_CANCEL","INSUFFICIENT_MARGIN","","","","","","","","","","","","","",""
"1095","2026-06-11 07:21:14 EDT","MARKET_ORDER","CLIENT_ORDER","EUR/USD","","100000.00","Sell","","","","","","","","","",""
"1096","2026-06-11 07:21:14 EDT","ORDER_CANCEL","INSUFFICIENT_MARGIN","","","","","","","","","","","","","",""
"1097","2026-06-11 07:21:15 EDT","MARKET_ORDER","CLIENT_ORDER","EUR/USD","","100000.00","Buy","","","","","","","","","",""
"1098","2026-06-11 07:21:15 EDT","ORDER_CANCEL","INSUFFICIENT_MARGIN","","","","","","","","","","","","","",""
"1099","2026-06-11 07:21:15 EDT","MARKET_ORDER","CLIENT_ORDER","EUR/USD","","100000.00","Sell","","","","","","","","","",""
"1100","2026-06-11 07:21:15 EDT","ORDER_CANCEL","INSUFFICIENT_MARGIN","","","","","","","","","","","","","",""
"1101","2026-06-11 07:21:15 EDT","MARKET_ORDER","CLIENT_ORDER","EUR/USD","","100000.00","Sell","","","","","","","","","",""
"1102","2026-06-11 07:21:15 EDT","ORDER_CANCEL","INSUFFICIENT_MARGIN","","","","","","","","","","","","","",""
"1103","2026-06-11 07:21:15 EDT","MARKET_ORDER","CLIENT_ORDER","EUR/USD","","100000.00","Sell","","","","","","","","","",""
"1104","2026-06-11 07:21:15 EDT","ORDER_CANCEL","INSUFFICIENT_MARGIN","","","","","","","","","","","","","",""
"1105","2026-06-11 07:21:15 EDT","MARKET_ORDER","CLIENT_ORDER","EUR/USD","","100000.00","Buy","","","","","","","","","",""
"1106","2026-06-11 07:21:15 EDT","ORDER_CANCEL","INSUFFICIENT_MARGIN","","","","","","","","","","","","","",""
"1107","2026-06-11 07:21:15 EDT","MARKET_ORDER","CLIENT_ORDER","EUR/USD","","100000.00","Buy","","","","","","","","","",""
"1108","2026-06-11 07:21:15 EDT","ORDER_CANCEL","INSUFFICIENT_MARGIN","","","","","","","","","","","","","",""
"1109","2026-06-11 07:21:15 EDT","MARKET_ORDER","CLIENT_ORDER","EUR/USD","","100000.00","Buy","","","","","","","","","",""
"1110","2026-06-11 07:21:15 EDT","ORDER_CANCEL","INSUFFICIENT_MARGIN","","","","","","","","","","","","","",""
"1111","2026-06-11 07:21:15 EDT","MARKET_ORDER","CLIENT_ORDER","EUR/USD","","100000.00","Sell","","","","","","","","","",""
"1112","2026-06-11 07:21:15 EDT","ORDER_CANCEL","INSUFFICIENT_MARGIN","","","","","","","","","","","","","",""
"1113","2026-06-11 07:21:15 EDT","MARKET_ORDER","CLIENT_ORDER","EUR/USD","","100000.00","Buy","","","","","","","","","",""
"1114","2026-06-11 07:21:15 EDT","ORDER_CANCEL","INSUFFICIENT_MARGIN","","","","","","","","","","","","","",""
"1115","2026-06-11 07:21:15 EDT","MARKET_ORDER","CLIENT_ORDER","EUR/USD","","100000.00","Sell","","","","","","","","","",""
"1116","2026-06-11 07:21:15 EDT","ORDER_CANCEL","INSUFFICIENT_MARGIN","","","","","","","","","","","","","",""
"1117","2026-06-11 07:21:15 EDT","MARKET_ORDER","CLIENT_ORDER","EUR/USD","","100000.00","Buy","","","","","","","","","",""
"1118","2026-06-11 07:21:15 EDT","ORDER_CANCEL","INSUFFICIENT_MARGIN","","","","","","","","","","","","","",""
"1119","2026-06-11 07:21:15 EDT","MARKET_ORDER","CLIENT_ORDER","EUR/USD","","100000.00","Sell","","","","","","","","","",""
"1120","2026-06-11 07:21:15 EDT","ORDER_CANCEL","INSUFFICIENT_MARGIN","","","","","","","","","","","","","",""
"1121","2026-06-11 07:21:15 EDT","MARKET_ORDER","CLIENT_ORDER","EUR/USD","","100000.00","Buy","","","","","","","","","",""
"1122","2026-06-11 07:21:15 EDT","ORDER_CANCEL","INSUFFICIENT_MARGIN","","","","","","","","","","","","","",""
"1123","2026-06-11 07:21:15 EDT","MARKET_ORDER","CLIENT_ORDER","EUR/USD","","100000.00","Sell","","","","","","","","","",""
"1124","2026-06-11 07:21:15 EDT","ORDER_CANCEL","INSUFFICIENT_MARGIN","","","","","","","","","","","","","",""
"1125","2026-06-11 07:21:15 EDT","MARKET_ORDER","CLIENT_ORDER","EUR/USD","","100000.00","Sell","","","","","","","","","",""
"1126","2026-06-11 07:21:15 EDT","ORDER_CANCEL","INSUFFICIENT_MARGIN","","","","","","","","","","","","","",""
"1127","2026-06-11 07:21:15 EDT","MARKET_ORDER","CLIENT_ORDER","EUR/USD","","100000.00","Sell","","","","","","","","","",""
"1128","2026-06-11 07:21:15 EDT","ORDER_CANCEL","INSUFFICIENT_MARGIN","","","","","","","","","","","","","",""
"1129","2026-06-11 07:21:15 EDT","MARKET_ORDER","CLIENT_ORDER","EUR/USD","","100000.00","Buy","","","","","","","","","",""
"1130","2026-06-11 07:21:15 EDT","ORDER_CANCEL","INSUFFICIENT_MARGIN","","","","","","","","","","","","","",""
"1131","2026-06-11 07:21:15 EDT","MARKET_ORDER","CLIENT_ORDER","EUR/USD","","100000.00","Buy","","","","","","","","","",""
"1132","2026-06-11 07:21:15 EDT","ORDER_CANCEL","INSUFFICIENT_MARGIN","","","","","","","","","","","","","",""
"1133","2026-06-11 07:21:15 EDT","MARKET_ORDER","CLIENT_ORDER","EUR/USD","","100000.00","Buy","","","","","","","","","",""
"1134","2026-06-11 07:21:15 EDT","ORDER_CANCEL","INSUFFICIENT_MARGIN","","","","","","","","","","","","","",""
"1135","2026-06-11 07:21:15 EDT","MARKET_ORDER","CLIENT_ORDER","EUR/USD","","100000.00","Sell","","","","","","","","","",""
"1136","2026-06-11 07:21:15 EDT","ORDER_CANCEL","INSUFFICIENT_MARGIN","","","","","","","","","","","","","",""
"1137","2026-06-11 07:21:15 EDT","MARKET_ORDER","CLIENT_ORDER","EUR/USD","","100000.00","Sell","","","","","","","","","",""
"1138","2026-06-11 07:21:15 EDT","ORDER_CANCEL","INSUFFICIENT_MARGIN","","","","","","","","","","","","","",""
"1139","2026-06-11 07:21:15 EDT","MARKET_ORDER","CLIENT_ORDER","EUR/USD","","100000.00","Buy","","","","","","","","","",""
"1140","2026-06-11 07:21:15 EDT","ORDER_CANCEL","INSUFFICIENT_MARGIN","","","","","","","","","","","","","",""
"1141","2026-06-11 07:21:16 EDT","MARKET_ORDER","CLIENT_ORDER","EUR/USD","","100000.00","Sell","","","","","","","","","",""
"1142","2026-06-11 07:21:16 EDT","ORDER_CANCEL","INSUFFICIENT_MARGIN","","","","","","","","","","","","","",""
"1143","2026-06-11 07:21:16 EDT","MARKET_ORDER","CLIENT_ORDER","EUR/USD","","100000.00","Buy","","","","","","","","","",""
"1144","2026-06-11 07:21:16 EDT","ORDER_CANCEL","INSUFFICIENT_MARGIN","","","","","","","","","","","","","",""
"1145","2026-06-11 07:21:16 EDT","MARKET_ORDER","CLIENT_ORDER","EUR/USD","","100000.00","Sell","","","","","","","","","",""
"1146","2026-06-11 07:21:16 EDT","ORDER_CANCEL","INSUFFICIENT_MARGIN","","","","","","","","","","","","","",""
"1147","2026-06-11 07:21:16 EDT","MARKET_ORDER","CLIENT_ORDER","EUR/USD","","100000.00","Sell","","","","","","","","","",""
"1148","2026-06-11 07:21:16 EDT","ORDER_CANCEL","INSUFFICIENT_MARGIN","","","","","","","","","","","","","",""
"1149","2026-06-11 07:21:16 EDT","MARKET_ORDER","CLIENT_ORDER","EUR/USD","","100000.00","Sell","","","","","","","","","",""
"1150","2026-06-11 07:21:16 EDT","ORDER_CANCEL","INSUFFICIENT_MARGIN","","","","","","","","","","","","","",""
"1151","2026-06-11 07:21:16 EDT","MARKET_ORDER","CLIENT_ORDER","EUR/USD","","100000.00","Buy","","","","","","","","","",""
"1152","2026-06-11 07:21:16 EDT","ORDER_CANCEL","INSUFFICIENT_MARGIN","","","","","","","","","","","","","",""
"1153","2026-06-11 07:21:16 EDT","MARKET_ORDER","CLIENT_ORDER","EUR/USD","","100000.00","Buy","","","","","","","","","",""
"1154","2026-06-11 07:21:16 EDT","ORDER_CANCEL","INSUFFICIENT_MARGIN","","","","","","","","","","","","","",""
"1155","2026-06-11 07:21:16 EDT","MARKET_ORDER","CLIENT_ORDER","EUR/USD","","100000.00","Buy","","","","","","","","","",""
"1156","2026-06-11 07:21:16 EDT","ORDER_CANCEL","INSUFFICIENT_MARGIN","","","","","","","","","","","","","",""
"1157","2026-06-11 07:21:16 EDT","MARKET_ORDER","CLIENT_ORDER","EUR/USD","","100000.00","Sell","","","","","","","","","",""
"1158","2026-06-11 07:21:16 EDT","ORDER_CANCEL","INSUFFICIENT_MARGIN","","","","","","","","","","","","","",""
"1159","2026-06-11 07:21:16 EDT","MARKET_ORDER","CLIENT_ORDER","EUR/USD","","100000.00","Buy","","","","","","","","","",""
"1160","2026-06-11 07:21:16 EDT","ORDER_CANCEL","INSUFFICIENT_MARGIN","","","","","","","","","","","","","",""
"1161","2026-06-11 07:21:16 EDT","MARKET_ORDER","CLIENT_ORDER","EUR/USD","","100000.00","Sell","","","","","","","","","",""
"1162","2026-06-11 07:21:16 EDT","ORDER_CANCEL","INSUFFICIENT_MARGIN","","","","","","","","","","","","","",""
"1163","2026-06-11 07:21:16 EDT","MARKET_ORDER","CLIENT_ORDER","EUR/USD","","100000.00","Buy","","","","","","","","","",""
"1164","2026-06-11 07:21:16 EDT","ORDER_CANCEL","INSUFFICIENT_MARGIN","","","","","","","","","","","","","",""
"1165","2026-06-11 07:21:16 EDT","MARKET_ORDER","CLIENT_ORDER","EUR/USD","","100000.00","Sell","","","","","","","","","",""
"1166","2026-06-11 07:21:16 EDT","ORDER_CANCEL","INSUFFICIENT_MARGIN","","","","","","","","","","","","","",""
"1167","2026-06-11 07:21:16 EDT","MARKET_ORDER","CLIENT_ORDER","EUR/USD","","100000.00","Sell","","","","","","","","","",""
"1168","2026-06-11 07:21:16 EDT","ORDER_CANCEL","INSUFFICIENT_MARGIN","","","","","","","","","","","","","",""
"1169","2026-06-11 07:21:16 EDT","MARKET_ORDER","CLIENT_ORDER","EUR/USD","","100000.00","Sell","","","","","","","","","",""
"1170","2026-06-11 07:21:16 EDT","ORDER_CANCEL","INSUFFICIENT_MARGIN","","","","","","","","","","","","","",""
"1171","2026-06-11 07:21:16 EDT","MARKET_ORDER","CLIENT_ORDER","EUR/USD","","100000.00","Buy","","","","","","","","","",""
"1172","2026-06-11 07:21:16 EDT","ORDER_CANCEL","INSUFFICIENT_MARGIN","","","","","","","","","","","","","",""
"1173","2026-06-11 07:21:16 EDT","MARKET_ORDER","CLIENT_ORDER","EUR/USD","","100000.00","Buy","","","","","","","","","",""
"1174","2026-06-11 07:21:16 EDT","ORDER_CANCEL","INSUFFICIENT_MARGIN","","","","","","","","","","","","","",""
"1175","2026-06-11 07:21:16 EDT","MARKET_ORDER","CLIENT_ORDER","EUR/USD","","100000.00","Buy","","","","","","","","","",""
"1176","2026-06-11 07:21:16 EDT","ORDER_CANCEL","INSUFFICIENT_MARGIN","","","","","","","","","","","","","",""
"1177","2026-06-11 07:21:16 EDT","MARKET_ORDER","CLIENT_ORDER","EUR/USD","","100000.00","Sell","","","","","","","","","",""
"1178","2026-06-11 07:21:16 EDT","ORDER_CANCEL","INSUFFICIENT_MARGIN","","","","","","","","","","","","","",""
"1179","2026-06-11 07:21:16 EDT","MARKET_ORDER","CLIENT_ORDER","EUR/USD","","100000.00","Sell","","","","","","","","","",""
"1180","2026-06-11 07:21:16 EDT","ORDER_CANCEL","INSUFFICIENT_MARGIN","","","","","","","","","","","","","",""
"1181","2026-06-11 07:21:16 EDT","MARKET_ORDER","CLIENT_ORDER","EUR/USD","","100000.00","Buy","","","","","","","","","",""
"1182","2026-06-11 07:21:16 EDT","ORDER_CANCEL","INSUFFICIENT_MARGIN","","","","","","","","","","","","","",""
"1183","2026-06-11 07:21:16 EDT","MARKET_ORDER","CLIENT_ORDER","EUR/USD","","100000.00","Sell","","","","","","","","","",""
"1184","2026-06-11 07:21:16 EDT","ORDER_CANCEL","INSUFFICIENT_MARGIN","","","","","","","","","","","","","",""
"1185","2026-06-11 07:21:16 EDT","MARKET_ORDER","CLIENT_ORDER","EUR/USD","","100000.00","Sell","","","","","","","","","",""
"1186","2026-06-11 07:21:16 EDT","ORDER_CANCEL","INSUFFICIENT_MARGIN","","","","","","","","","","","","","",""
"1187","2026-06-11 07:21:17 EDT","MARKET_ORDER","CLIENT_ORDER","EUR/USD","","100000.00","Sell","","","","","","","","","",""
"1188","2026-06-11 07:21:17 EDT","ORDER_CANCEL","INSUFFICIENT_MARGIN","","","","","","","","","","","","","",""
"1189","2026-06-11 07:21:17 EDT","MARKET_ORDER","CLIENT_ORDER","EUR/USD","","100000.00","Buy","","","","","","","","","",""
"1190","2026-06-11 07:21:17 EDT","ORDER_CANCEL","INSUFFICIENT_MARGIN","","","","","","","","","","","","","",""
"1191","2026-06-11 07:21:17 EDT","MARKET_ORDER","CLIENT_ORDER","EUR/USD","","100000.00","Buy","","","","","","","","","",""
"1192","2026-06-11 07:21:17 EDT","ORDER_CANCEL","INSUFFICIENT_MARGIN","","","","","","","","","","","","","",""
"1193","2026-06-11 07:21:17 EDT","MARKET_ORDER","CLIENT_ORDER","EUR/USD","","100000.00","Buy","","","","","","","","","",""
"1194","2026-06-11 07:21:17 EDT","ORDER_CANCEL","INSUFFICIENT_MARGIN","","","","","","","","","","","","","",""
"1195","2026-06-11 07:21:17 EDT","MARKET_ORDER","CLIENT_ORDER","EUR/USD","","100000.00","Sell","","","","","","","","","",""
"1196","2026-06-11 07:21:17 EDT","ORDER_CANCEL","INSUFFICIENT_MARGIN","","","","","","","","","","","","","",""
"1197","2026-06-11 07:21:17 EDT","MARKET_ORDER","CLIENT_ORDER","EUR/USD","","100000.00","Buy","","","","","","","","","",""
"1198","2026-06-11 07:21:17 EDT","ORDER_CANCEL","INSUFFICIENT_MARGIN","","","","","","","","","","","","","",""
"1199","2026-06-11 07:21:17 EDT","MARKET_ORDER","CLIENT_ORDER","EUR/USD","","100000.00","Sell","","","","","","","","","",""
"1200","2026-06-11 07:21:17 EDT","ORDER_CANCEL","INSUFFICIENT_MARGIN","","","","","","","","","","","","","",""
"1201","2026-06-11 07:21:17 EDT","MARKET_ORDER","CLIENT_ORDER","EUR/USD","","100000.00","Sell","","","","","","","","","",""
"1202","2026-06-11 07:21:17 EDT","ORDER_CANCEL","INSUFFICIENT_MARGIN","","","","","","","","","","","","","",""
"1203","2026-06-11 07:21:17 EDT","MARKET_ORDER","CLIENT_ORDER","EUR/USD","","100000.00","Sell","","","","","","","","","",""
"1204","2026-06-11 07:21:17 EDT","ORDER_CANCEL","INSUFFICIENT_MARGIN","","","","","","","","","","","","","",""
"1205","2026-06-11 07:21:17 EDT","MARKET_ORDER","CLIENT_ORDER","EUR/USD","","100000.00","Buy","","","","","","","","","",""
"1206","2026-06-11 07:21:17 EDT","ORDER_CANCEL","INSUFFICIENT_MARGIN","","","","","","","","","","","","","",""
"1207","2026-06-11 07:21:17 EDT","MARKET_ORDER","CLIENT_ORDER","EUR/USD","","100000.00","Buy","","","","","","","","","",""
"1208","2026-06-11 07:21:17 EDT","ORDER_CANCEL","INSUFFICIENT_MARGIN","","","","","","","","","","","","","",""
"1209","2026-06-11 07:21:17 EDT","MARKET_ORDER","CLIENT_ORDER","EUR/USD","","100000.00","Buy","","","","","","","","","",""
"1210","2026-06-11 07:21:17 EDT","ORDER_CANCEL","INSUFFICIENT_MARGIN","","","","","","","","","","","","","",""
"1211","2026-06-11 07:21:17 EDT","MARKET_ORDER","CLIENT_ORDER","EUR/USD","","100000.00","Sell","","","","","","","","","",""
"1212","2026-06-11 07:21:17 EDT","ORDER_CANCEL","INSUFFICIENT_MARGIN","","","","","","","","","","","","","",""
"1213","2026-06-11 07:21:17 EDT","MARKET_ORDER","CLIENT_ORDER","EUR/USD","","100000.00","Sell","","","","","","","","","",""
"1214","2026-06-11 07:21:17 EDT","ORDER_CANCEL","INSUFFICIENT_MARGIN","","","","","","","","","","","","","",""
"1215","2026-06-11 07:21:17 EDT","MARKET_ORDER","CLIENT_ORDER","EUR/USD","","100000.00","Sell","","","","","","","","","",""
"1216","2026-06-11 07:21:17 EDT","ORDER_CANCEL","INSUFFICIENT_MARGIN","","","","","","","","","","","","","",""
"1217","2026-06-11 07:21:17 EDT","MARKET_ORDER","CLIENT_ORDER","EUR/USD","","100000.00","Sell","","","","","","","","","",""
"1218","2026-06-11 07:21:17 EDT","ORDER_CANCEL","INSUFFICIENT_MARGIN","","","","","","","","","","","","","",""
"1219","2026-06-11 07:21:17 EDT","MARKET_ORDER","CLIENT_ORDER","EUR/USD","","100000.00","Buy","","","","","","","","","",""
"1220","2026-06-11 07:21:17 EDT","ORDER_CANCEL","INSUFFICIENT_MARGIN","","","","","","","","","","","","","",""
"1221","2026-06-11 07:21:17 EDT","MARKET_ORDER","CLIENT_ORDER","EUR/USD","","100000.00","Buy","","","","","","","","","",""
"1222","2026-06-11 07:21:17 EDT","ORDER_CANCEL","INSUFFICIENT_MARGIN","","","","","","","","","","","","","",""
"1223","2026-06-11 07:21:17 EDT","MARKET_ORDER","CLIENT_ORDER","EUR/USD","","100000.00","Buy","","","","","","","","","",""
"1224","2026-06-11 07:21:17 EDT","ORDER_CANCEL","INSUFFICIENT_MARGIN","","","","","","","","","","","","","",""
"1225","2026-06-11 07:21:17 EDT","MARKET_ORDER","CLIENT_ORDER","EUR/USD","","100000.00","Sell","","","","","","","","","",""
"1226","2026-06-11 07:21:17 EDT","ORDER_CANCEL","INSUFFICIENT_MARGIN","","","","","","","","","","","","","",""
"1227","2026-06-11 07:24:11 EDT","MARKET_ORDER","TRADE_CLOSE","EUR/USD","","100000.00","Buy","","","","","","","","","",""
"1228","2026-06-11 07:24:11 EDT","ORDER_FILL","MARKET_ORDER_TRADE_CLOSE","EUR/USD","1.15376","100000.00","Buy","11.8781","","","","0.00000","0.0000","1.4114","-28.22790","","98092.48"
"1229","2026-06-11 07:24:19 EDT","MARKET_ORDER","TRADE_CLOSE","EUR/USD","","100000.00","Sell","","","","","","","","","",""
"1230","2026-06-11 07:24:19 EDT","ORDER_FILL","MARKET_ORDER_TRADE_CLOSE","EUR/USD","1.15360","100000.00","Sell","11.8781","","","","0.00000","0.0000","1.4114","-19.75950","","98072.72"
"1231","2026-06-11 07:24:27 EDT","MARKET_ORDER","TRADE_CLOSE","EUR/USD","","100000.00","Buy","","","","","","","","","",""
"1232","2026-06-11 07:24:27 EDT","ORDER_FILL","MARKET_ORDER_TRADE_CLOSE","EUR/USD","1.15376","100000.00","Buy","11.1792","","","","0.00000","0.0000","1.4114","-28.22750","","98044.49"
"1233","2026-06-11 07:24:38 EDT","MARKET_ORDER","TRADE_CLOSE","EUR/USD","","100000.00","Sell","","","","","","","","","",""
"1234","2026-06-11 07:24:38 EDT","ORDER_FILL","MARKET_ORDER_TRADE_CLOSE","EUR/USD","1.15359","100000.00","Sell","11.1794","","","","0.00000","0.0000","1.4114","-21.17090","","98023.32"
"1235","2026-06-11 07:24:45 EDT","MARKET_ORDER","TRADE_CLOSE","EUR/USD","","100000.00","Buy","","","","","","","","","",""
"1236","2026-06-11 07:24:45 EDT","ORDER_FILL","MARKET_ORDER_TRADE_CLOSE","EUR/USD","1.15376","100000.00","Buy","11.1792","","","","0.00000","0.0000","1.4114","-28.22750","","97995.09"
"1237","2026-06-11 07:24:55 EDT","MARKET_ORDER","TRADE_CLOSE","EUR/USD","","100000.00","Buy","","","","","","","","","",""
"1238","2026-06-11 07:24:55 EDT","ORDER_FILL","MARKET_ORDER_TRADE_CLOSE","EUR/USD","1.15375","100000.00","Buy","10.4804","","","","0.00000","0.0000","1.3834","161.85970","","98156.95"
"1239","2026-06-11 07:24:55 EDT","ORDER_CANCEL","LINKED_TRADE_CLOSED","","","","","","","","","","","","","",""
"1240","2026-06-11 07:24:55 EDT","ORDER_CANCEL","LINKED_TRADE_CLOSED","","","","","","","","","","","","","",""
"1241","2026-06-11 07:25:00 EDT","MARKET_ORDER","TRADE_CLOSE","EUR/USD","","100000.00","Sell","","","","","","","","","",""
"1242","2026-06-11 07:25:00 EDT","ORDER_FILL","MARKET_ORDER_TRADE_CLOSE","EUR/USD","1.15360","100000.00","Sell","10.4806","","","","0.00000","0.0000","1.4114","-111.49930","","98045.45"
"1243","2026-06-11 07:25:00 EDT","ORDER_CANCEL","LINKED_TRADE_CLOSED","","","","","","","","","","","","","",""
"1244","2026-06-11 07:25:00 EDT","ORDER_CANCEL","LINKED_TRADE_CLOSED","","","","","","","","","","","","","",""
"1245","2026-06-11 07:25:05 EDT","MARKET_ORDER","TRADE_CLOSE","EUR/USD","","100000.00","Sell","","","","","","","","","",""
"1246","2026-06-11 07:25:05 EDT","ORDER_FILL","MARKET_ORDER_TRADE_CLOSE","EUR/USD","1.15361","100000.00","Sell","10.4806","","","","0.00000","0.0000","1.4114","-18.34800","","98027.10"
"1247","2026-06-11 07:25:12 EDT","MARKET_ORDER","TRADE_CLOSE","EUR/USD","","100000.00","Buy","","","","","","","","","",""
"1248","2026-06-11 07:25:12 EDT","ORDER_FILL","MARKET_ORDER_TRADE_CLOSE","EUR/USD","1.15376","100000.00","Buy","11.1792","","","","0.00000","0.0000","1.4114","-28.22750","","97998.87"
"1249","2026-06-11 07:25:19 EDT","MARKET_ORDER","TRADE_CLOSE","EUR/USD","","100000.00","Sell","","","","","","","","","",""
"1250","2026-06-11 07:25:19 EDT","ORDER_FILL","MARKET_ORDER_TRADE_CLOSE","EUR/USD","1.15360","100000.00","Sell","11.1799","","","","0.00000","0.0000","1.4115","-19.76050","","97979.11"
"1251","2026-06-11 07:25:26 EDT","MARKET_ORDER","TRADE_CLOSE","EUR/USD","","100000.00","Buy","","","","","","","","","",""
"1252","2026-06-11 07:25:26 EDT","ORDER_FILL","MARKET_ORDER_TRADE_CLOSE","EUR/USD","1.15375","100000.00","Buy","10.4812","","","","0.00000","0.0000","1.4115","-25.40640","","97953.71"
"1253","2026-06-11 07:25:31 EDT","MARKET_ORDER","TRADE_CLOSE","EUR/USD","","100000.00","Sell","","","","","","","","","",""
"1254","2026-06-11 07:25:31 EDT","ORDER_FILL","MARKET_ORDER_TRADE_CLOSE","EUR/USD","1.15361","100000.00","Sell","9.7825","","","","0.00000","0.0000","1.4115","-18.34920","","97935.36"
"1255","2026-06-11 07:26:30 EDT","MARKET_ORDER","TRADE_CLOSE","EUR/USD","","100000.00","Buy","","","","","","","","","",""
"1256","2026-06-11 07:26:30 EDT","ORDER_FILL","MARKET_ORDER_TRADE_CLOSE","EUR/USD","1.15375","100000.00","Buy","9.7831","","","","0.00000","0.0000","1.4116","-25.40800","","97909.95"
"1257","2026-06-11 07:26:34 EDT","MARKET_ORDER","TRADE_CLOSE","EUR/USD","","100000.00","Sell","","","","","","","","","",""
"1258","2026-06-11 07:26:34 EDT","ORDER_FILL","MARKET_ORDER_TRADE_CLOSE","EUR/USD","1.15360","100000.00","Sell","11.1806","","","","0.00000","0.0000","1.4115","-19.76160","","97890.19"
"1259","2026-06-11 07:26:40 EDT","MARKET_ORDER","TRADE_CLOSE","EUR/USD","","100000.00","Buy","","","","","","","","","",""
"1260","2026-06-11 07:26:40 EDT","ORDER_FILL","MARKET_ORDER_TRADE_CLOSE","EUR/USD","1.15376","100000.00","Buy","9.7832","","","","0.00000","0.0000","1.4116","-26.81990","","97863.37"
"1261","2026-06-11 07:26:46 EDT","MARKET_ORDER","TRADE_CLOSE","EUR/USD","","100000.00","Sell","","","","","","","","","",""
"1262","2026-06-11 07:26:46 EDT","ORDER_FILL","MARKET_ORDER_TRADE_CLOSE","EUR/USD","1.15360","100000.00","Sell","11.1808","","","","0.00000","0.0000","1.4116","-16.93890","","97846.43"
"1263","2026-06-11 07:26:52 EDT","MARKET_ORDER","TRADE_CLOSE","EUR/USD","","100000.00","Buy","","","","","","","","","",""
"1264","2026-06-11 07:26:52 EDT","ORDER_FILL","MARKET_ORDER_TRADE_CLOSE","EUR/USD","1.15373","100000.00","Buy","10.4823","","","","0.00000","0.0000","1.4116","-22.58590","","97823.84"
"1265","2026-06-11 07:26:58 EDT","MARKET_ORDER","TRADE_CLOSE","EUR/USD","","100000.00","Buy","","","","","","","","","",""
"1266","2026-06-11 07:26:58 EDT","ORDER_FILL","MARKET_ORDER_TRADE_CLOSE","EUR/USD","1.15371","100000.00","Buy","10.4831","","","","0.00000","0.0000","1.4117","-80.46850","","97743.38"
"1267","2026-06-11 07:26:58 EDT","ORDER_CANCEL","LINKED_TRADE_CLOSED","","","","","","","","","","","","","",""
"1268","2026-06-11 07:26:58 EDT","ORDER_CANCEL","LINKED_TRADE_CLOSED","","","","","","","","","","","","","",""
"1269","2026-06-11 07:27:06 EDT","MARKET_ORDER","TRADE_CLOSE","EUR/USD","","100000.00","Sell","","","","","","","","","",""
"1270","2026-06-11 07:27:06 EDT","ORDER_FILL","MARKET_ORDER_TRADE_CLOSE","EUR/USD","1.15355","100000.00","Sell","9.7844","","","","0.00000","0.0000","1.4117","-23.99970","","97719.38"
"1271","2026-06-11 07:27:15 EDT","MARKET_ORDER","TRADE_CLOSE","EUR/USD","","100000.00","Buy","","","","","","","","","",""
"1272","2026-06-11 07:27:15 EDT","ORDER_FILL","MARKET_ORDER_TRADE_CLOSE","EUR/USD","1.15370","100000.00","Buy","10.4832","","","","0.00000","0.0000","1.4117","-18.35260","","97701.02"
"1273","2026-06-11 07:27:25 EDT","MARKET_ORDER","TRADE_CLOSE","EUR/USD","","100000.00","Sell","","","","","","","","","",""
"1274","2026-06-11 07:27:25 EDT","ORDER_FILL","MARKET_ORDER_TRADE_CLOSE","EUR/USD","1.15356","100000.00","Sell","10.4832","","","","0.00000","0.0000","1.4117","-22.58780","","97678.44"
"1275","2026-06-11 07:27:32 EDT","MARKET_ORDER","TRADE_CLOSE","EUR/USD","","100000.00","Sell","","","","","","","","","",""
"1276","2026-06-11 07:27:32 EDT","ORDER_FILL","MARKET_ORDER_TRADE_CLOSE","EUR/USD","1.15356","100000.00","Sell","10.4832","","","","0.00000","0.0000","1.4117","-22.58780","","97655.85"
"1277","2026-06-11 07:27:40 EDT","MARKET_ORDER","TRADE_CLOSE","EUR/USD","","100000.00","Sell","","","","","","","","","",""
"1278","2026-06-11 07:27:40 EDT","ORDER_FILL","MARKET_ORDER_TRADE_CLOSE","EUR/USD","1.15356","100000.00","Sell","10.4832","","","","0.00000","0.0000","1.4117","-22.58780","","97633.26"
"1279","2026-06-11 07:27:43 EDT","MARKET_ORDER","TRADE_CLOSE","EUR/USD","","100000.00","Buy","","","","","","","","","",""
"1280","2026-06-11 07:27:43 EDT","ORDER_FILL","MARKET_ORDER_TRADE_CLOSE","EUR/USD","1.15380","100000.00","Buy","11.1816","","","","0.00000","0.0000","1.4117","-93.17070","","97540.09"
"1281","2026-06-11 07:27:43 EDT","ORDER_CANCEL","LINKED_TRADE_CLOSED","","","","","","","","","","","","","",""
"1282","2026-06-11 07:27:43 EDT","ORDER_CANCEL","LINKED_TRADE_CLOSED","","","","","","","","","","","","","",""
"1283","2026-06-15 17:07:05 EDT","MARKET_ORDER","CLIENT_ORDER","EUR/USD","","1000.00","Sell","","","","","","","","","",""
"1284","2026-06-15 17:07:05 EDT","ORDER_FILL","MARKET_ORDER","EUR/USD","1.15880","1000.00","Sell","0.5105","","","","0.00000","0.0000","","0.00000","","97540.09"
"1285","2026-06-15 17:08:42 EDT","MARKET_ORDER","CLIENT_ORDER","EUR/USD","","1000.00","Buy","","","","","","","","","",""
"1286","2026-06-15 17:08:42 EDT","ORDER_FILL","MARKET_ORDER","EUR/USD","1.15984","1000.00","Buy","0.6994","","","","0.00000","0.0000","","0.00000","","97540.09"
"1287","2026-06-15 17:09:12 EDT","MARKET_ORDER","CLIENT_ORDER","EUR/USD","","1000.00","Sell","","","","","","","","","",""
"1288","2026-06-15 17:09:12 EDT","ORDER_FILL","MARKET_ORDER","EUR/USD","1.15884","1000.00","Sell","0.6994","","","","0.00000","0.0000","","0.00000","","97540.09"
"1289","2026-06-15 17:09:13 EDT","MARKET_ORDER","CLIENT_ORDER","EUR/USD","","1000.00","Buy","","","","","","","","","",""
"1290","2026-06-15 17:09:13 EDT","ORDER_FILL","MARKET_ORDER","EUR/USD","1.15984","1000.00","Buy","0.6994","","","","0.00000","0.0000","","0.00000","","97540.09"
"1291","2026-06-15 17:22:38 EDT","MARKET_ORDER","CLIENT_ORDER","EUR/USD","","100000.00","Buy","","","","","","","","","",""
"1292","2026-06-15 17:22:38 EDT","ORDER_FILL","MARKET_ORDER","EUR/USD","1.15927","100000.00","Buy","25.1773","","","","0.00000","0.0000","","0.00000","","97540.09"
"1293","2026-06-15 17:23:44 EDT","MARKET_ORDER","TRADE_CLOSE","EUR/USD","","1000.00","Sell","","","","","","","","","",""
"1294","2026-06-15 17:23:44 EDT","ORDER_FILL","MARKET_ORDER_TRADE_CLOSE","EUR/USD","1.15890","1000.00","Sell","0.2588","","","","0.00000","0.0000","1.4127","-1.32800","","97538.76"
"1295","2026-06-15 17:23:44 EDT","MARKET_ORDER","TRADE_CLOSE","EUR/USD","","1000.00","Sell","","","","","","","","","",""
"1296","2026-06-15 17:23:44 EDT","ORDER_FILL","MARKET_ORDER_TRADE_CLOSE","EUR/USD","1.15890","1000.00","Sell","0.2588","","","","0.00000","0.0000","1.4127","-1.32800","","97537.43"
"1297","2026-06-15 17:23:44 EDT","MARKET_ORDER","TRADE_CLOSE","EUR/USD","","98000.00","Sell","","","","","","","","","",""
"1298","2026-06-15 17:23:44 EDT","ORDER_FILL","MARKET_ORDER_TRADE_CLOSE","EUR/USD","1.15890","98000.00","Sell","25.3592","","","","0.00000","0.0000","1.4127","-51.22550","","97486.21"
"1299","2026-06-15 17:24:08 EDT","MARKET_ORDER","CLIENT_ORDER","EUR/USD","","100000.00","Buy","","","","","","","","","",""
"1300","2026-06-15 17:24:08 EDT","ORDER_FILL","MARKET_ORDER","EUR/USD","1.15924","100000.00","Buy","30.0729","","","","0.00000","0.0000","","0.00000","","97486.21"
"1301","2026-06-15 17:25:15 EDT","MARKET_ORDER","TRADE_CLOSE","EUR/USD","","2000.00","Sell","","","","","","","","","",""
"1302","2026-06-15 17:25:15 EDT","ORDER_FILL","MARKET_ORDER_TRADE_CLOSE","EUR/USD","1.15882","2000.00","Sell","0.6015","","","","0.00000","0.0000","1.4128","-1.27150","","97484.94"
"1303","2026-06-15 17:25:15 EDT","MARKET_ORDER","TRADE_CLOSE","EUR/USD","","98000.00","Sell","","","","","","","","","",""
"1304","2026-06-15 17:25:15 EDT","ORDER_FILL","MARKET_ORDER_TRADE_CLOSE","EUR/USD","1.15882","98000.00","Sell","29.4725","","","","0.00000","0.0000","1.4128","-58.14990","","97426.79"
"1305","2026-06-15 17:26:50 EDT","MARKET_ORDER","CLIENT_ORDER","EUR/USD","","100000.00","Buy","","","","","","","","","",""
"1306","2026-06-15 17:26:50 EDT","ORDER_FILL","MARKET_ORDER","EUR/USD","1.15923","100000.00","Buy","30.7732","","","","0.00000","0.0000","","0.00000","","97426.79"
"1307","2026-06-15 17:27:01 EDT","MARKET_ORDER","TRADE_CLOSE","EUR/USD","","2000.00","Sell","","","","","","","","","",""
"1308","2026-06-15 17:27:01 EDT","ORDER_FILL","MARKET_ORDER_TRADE_CLOSE","EUR/USD","1.15882","2000.00","Sell","0.6015","","","","0.00000","0.0000","1.4128","-1.18670","","97425.60"
"1309","2026-06-15 17:27:01 EDT","MARKET_ORDER","TRADE_CLOSE","EUR/USD","","98000.00","Sell","","","","","","","","","",""
"1310","2026-06-15 17:27:01 EDT","ORDER_FILL","MARKET_ORDER_TRADE_CLOSE","EUR/USD","1.15882","98000.00","Sell","29.4727","","","","0.00000","0.0000","1.4128","-56.76580","","97368.83"
"1311","2026-06-15 17:28:03 EDT","MARKET_ORDER","CLIENT_ORDER","EUR/USD","","100000.00","Buy","","","","","","","","","",""
"1312","2026-06-15 17:28:03 EDT","ORDER_FILL","MARKET_ORDER","EUR/USD","1.15921","100000.00","Buy","23.7796","","","","0.00000","0.0000","","0.00000","","97368.83"
"1313","2026-06-15 17:29:02 EDT","MARKET_ORDER","TRADE_CLOSE","EUR/USD","","2000.00","Sell","","","","","","","","","",""
"1314","2026-06-15 17:29:02 EDT","ORDER_FILL","MARKET_ORDER_TRADE_CLOSE","EUR/USD","1.15884","2000.00","Sell","0.3777","","","","0.00000","0.0000","1.4129","-1.10210","","97367.73"
"1315","2026-06-15 17:29:02 EDT","MARKET_ORDER","TRADE_CLOSE","EUR/USD","","98000.00","Sell","","","","","","","","","",""
"1316","2026-06-15 17:29:02 EDT","ORDER_FILL","MARKET_ORDER_TRADE_CLOSE","EUR/USD","1.15884","98000.00","Sell","18.5074","","","","0.00000","0.0000","1.4129","-51.23140","","97316.50"
"1317","2026-06-15 17:30:00 EDT","MARKET_ORDER","CLIENT_ORDER","EUR/USD","","100000.00","Buy","","","","","","","","","",""
"1318","2026-06-15 17:30:00 EDT","ORDER_FILL","MARKET_ORDER","EUR/USD","1.15899","100000.00","Buy","21.6833","","","","0.00000","0.0000","","0.00000","","97316.50"
"1319","2026-06-15 17:30:31 EDT","MARKET_ORDER","TRADE_CLOSE","EUR/USD","","2000.00","Sell","","","","","","","","","",""
"1320","2026-06-15 17:30:31 EDT","ORDER_FILL","MARKET_ORDER_TRADE_CLOSE","EUR/USD","1.15877","2000.00","Sell","0.3917","","","","0.00000","0.0000","1.4129","-1.24330","","97315.26"
"1321","2026-06-15 17:30:31 EDT","MARKET_ORDER","TRADE_CLOSE","EUR/USD","","98000.00","Sell","","","","","","","","","",""
"1322","2026-06-15 17:30:31 EDT","ORDER_FILL","MARKET_ORDER_TRADE_CLOSE","EUR/USD","1.15877","98000.00","Sell","19.1929","","","","0.00000","0.0000","1.4129","-30.46190","","97284.80"
"1323","2026-06-15 17:30:31 EDT","MARKET_ORDER","TRADE_CLOSE","EUR/USD","","2000.00","Sell","","","","","","","","","",""
"1324","2026-06-15 17:30:31 EDT","ORDER_FILL","MARKET_ORDER_TRADE_CLOSE","EUR/USD","1.15877","2000.00","Sell","0.3917","","","","0.00000","0.0000","1.4129","-0.62170","","97284.17"
"1325","2026-06-15 17:30:31 EDT","MARKET_ORDER","TRADE_CLOSE","EUR/USD","","1000.00","Buy","","","","","","","","","",""
"1326","2026-06-15 17:30:31 EDT","ORDER_FILL","MARKET_ORDER_TRADE_CLOSE","EUR/USD","1.15905","1000.00","Buy","0.1958","","","","0.00000","0.0000","1.4129","-0.35320","","97283.82"
"1327","2026-06-15 17:30:32 EDT","MARKET_ORDER","TRADE_CLOSE","EUR/USD","","1000.00","Buy","","","","","","","","","",""
"1328","2026-06-15 17:30:32 EDT","ORDER_FILL","MARKET_ORDER_TRADE_CLOSE","EUR/USD","1.15905","1000.00","Buy","0.1958","","","","0.00000","0.0000","1.4129","-0.29670","","97283.52"
"1329","2026-06-15 17:34:10 EDT","MARKET_ORDER","CLIENT_ORDER","EUR/USD","","100000.00","Buy","","","","","","","","","",""
"1330","2026-06-15 17:34:10 EDT","ORDER_FILL","MARKET_ORDER","EUR/USD","1.15895","100000.00","Buy","14.6887","","","","0.00000","0.0000","","0.00000","","97283.52"
"1331","2026-06-15 17:35:38 EDT","MARKET_ORDER","TRADE_CLOSE","EUR/USD","","100000.00","Sell","","","","","","","","","",""
"1332","2026-06-15 17:35:38 EDT","ORDER_FILL","MARKET_ORDER_TRADE_CLOSE","EUR/USD","1.15874","100000.00","Sell","16.0874","","","","0.00000","0.0000","1.4129","-29.67070","","97253.85"
"1333","2026-06-15 17:36:01 EDT","MARKET_ORDER","CLIENT_ORDER","EUR/USD","","100000.00","Buy","","","","","","","","","",""
"1334","2026-06-15 17:36:01 EDT","ORDER_FILL","MARKET_ORDER","EUR/USD","1.15910","100000.00","Buy","11.8910","","","","0.00000","0.0000","","0.00000","","97253.85"
"1335","2026-06-15 17:37:16 EDT","MARKET_ORDER","TRADE_CLOSE","EUR/USD","","100000.00","Sell","","","","","","","","","",""
"1336","2026-06-15 17:37:16 EDT","ORDER_FILL","MARKET_ORDER_TRADE_CLOSE","EUR/USD","1.15893","100000.00","Sell","11.1909","","","","0.00000","0.0000","1.4128","-24.01840","","97229.83"
"1337","2026-06-15 17:39:02 EDT","MARKET_ORDER","CLIENT_ORDER","EUR/USD","","100000.00","Buy","","","","","","","","","",""
"1338","2026-06-15 17:39:02 EDT","ORDER_FILL","MARKET_ORDER","EUR/USD","1.15973","100000.00","Buy","46.8618","","","","0.00000","0.0000","","0.00000","","97229.83"
"1339","2026-06-15 17:39:02 EDT","MARKET_ORDER","TRADE_CLOSE","EUR/USD","","100000.00","Sell","","","","","","","","","",""
"1340","2026-06-15 17:39:02 EDT","ORDER_FILL","MARKET_ORDER_TRADE_CLOSE","EUR/USD","1.15906","100000.00","Sell","42.6649","","","","0.00000","0.0000","1.4128","-94.66020","","97135.17"
"1341","2026-06-15 17:40:00 EDT","MARKET_ORDER","CLIENT_ORDER","EUR/USD","","100000.00","Buy","","","","","","","","","",""
"1342","2026-06-15 17:40:00 EDT","ORDER_FILL","MARKET_ORDER","EUR/USD","1.15985","100000.00","Buy","58.7521","","","","0.00000","0.0000","","0.00000","","97135.17"
"1343","2026-06-15 17:40:00 EDT","MARKET_ORDER","TRADE_CLOSE","EUR/USD","","100000.00","Sell","","","","","","","","","",""
"1344","2026-06-15 17:40:00 EDT","ORDER_FILL","MARKET_ORDER_TRADE_CLOSE","EUR/USD","1.15901","100000.00","Sell","58.7521","","","","0.00000","0.0000","1.4128","-118.67930","","97016.50"
"1345","2026-06-15 17:42:05 EDT","MARKET_ORDER","CLIENT_ORDER","EUR/USD","","100000.00","Buy","","","","","","","","","",""
"1346","2026-06-15 17:42:05 EDT","ORDER_FILL","MARKET_ORDER","EUR/USD","1.15984","100000.00","Buy","51.0584","","","","0.00000","0.0000","","0.00000","","97016.50"
"1347","2026-06-15 17:43:00 EDT","MARKET_ORDER","TRADE_CLOSE","EUR/USD","","100000.00","Sell","","","","","","","","","",""
"1348","2026-06-15 17:43:00 EDT","ORDER_FILL","MARKET_ORDER_TRADE_CLOSE","EUR/USD","1.15912","100000.00","Sell","49.6581","","","","0.00000","0.0000","1.4128","-101.72220","","96914.77"
"1349","2026-06-15 17:44:04 EDT","MARKET_ORDER","CLIENT_ORDER","EUR/USD","","100000.00","Buy","","","","","","","","","",""
"1350","2026-06-15 17:44:04 EDT","ORDER_FILL","MARKET_ORDER","EUR/USD","1.15980","100000.00","Buy","44.0622","","","","0.00000","0.0000","","0.00000","","96914.77"
"1351","2026-06-15 17:45:05 EDT","MARKET_ORDER","TRADE_CLOSE","EUR/USD","","100000.00","Sell","","","","","","","","","",""
"1352","2026-06-15 17:45:05 EDT","ORDER_FILL","MARKET_ORDER_TRADE_CLOSE","EUR/USD","1.15920","100000.00","Sell","41.9646","","","","0.00000","0.0000","1.4128","-84.76850","","96830.00"
"1353","2026-06-15 17:46:00 EDT","MARKET_ORDER","CLIENT_ORDER","EUR/USD","","100000.00","Buy","","","","","","","","","",""
"1354","2026-06-15 17:46:00 EDT","ORDER_FILL","MARKET_ORDER","EUR/USD","1.15980","100000.00","Buy","40.5664","","","","0.00000","0.0000","","0.00000","","96830.00"
"1355","2026-06-15 17:47:01 EDT","MARKET_ORDER","TRADE_CLOSE","EUR/USD","","100000.00","Sell","","","","","","","","","",""
"1356","2026-06-15 17:47:01 EDT","ORDER_FILL","MARKET_ORDER_TRADE_CLOSE","EUR/USD","1.15922","100000.00","Sell","40.5669","","","","0.00000","0.0000","1.4128","-81.94520","","96748.06"
"1357","2026-06-15 18:00:00 EDT","MARKET_ORDER","CLIENT_ORDER","EUR/USD","","100000.00","Buy","","","","","","","","","",""
"1358","2026-06-15 18:00:00 EDT","ORDER_FILL","MARKET_ORDER","EUR/USD","1.15916","100000.00","Buy","15.3864","","","","0.00000","0.0000","","0.00000","","96748.06"
"1359","2026-06-15 18:00:00 EDT","MARKET_ORDER","TRADE_CLOSE","EUR/USD","","100000.00","Sell","","","","","","","","","",""
"1360","2026-06-15 18:00:00 EDT","ORDER_FILL","MARKET_ORDER_TRADE_CLOSE","EUR/USD","1.15895","100000.00","Sell","15.3861","","","","0.00000","0.0000","1.4127","-29.66730","","96718.39"
"1361","2026-06-15 18:11:02 EDT","MARKET_ORDER","CLIENT_ORDER","EUR/USD","","100000.00","Buy","","","","","","","","","",""
"1362","2026-06-15 18:11:02 EDT","ORDER_FILL","MARKET_ORDER","EUR/USD","1.15888","100000.00","Buy","13.9930","","","","0.00000","0.0000","","0.00000","","96718.39"
"1363","2026-06-15 18:11:02 EDT","MARKET_ORDER","TRADE_CLOSE","EUR/USD","","100000.00","Sell","","","","","","","","","",""
"1364","2026-06-15 18:11:02 EDT","ORDER_FILL","MARKET_ORDER_TRADE_CLOSE","EUR/USD","1.15868","100000.00","Sell","13.9930","","","","0.00000","0.0000","1.4133","-28.26590","","96690.13"
"1365","2026-06-15 18:12:04 EDT","MARKET_ORDER","CLIENT_ORDER","EUR/USD","","100000.00","Buy","","","","","","","","","",""
"1366","2026-06-15 18:12:04 EDT","ORDER_FILL","MARKET_ORDER","EUR/USD","1.15884","100000.00","Buy","13.2939","","","","0.00000","0.0000","","0.00000","","96690.13"
"1367","2026-06-15 18:12:04 EDT","MARKET_ORDER","TRADE_CLOSE","EUR/USD","","100000.00","Sell","","","","","","","","","",""
"1368","2026-06-15 18:12:04 EDT","ORDER_FILL","MARKET_ORDER_TRADE_CLOSE","EUR/USD","1.15865","100000.00","Sell","13.2939","","","","0.00000","0.0000","1.4134","-26.85370","","96663.27"
"1369","2026-06-16 05:00:00 EDT","MARKET_ORDER","CLIENT_ORDER","EUR/USD","","1000.00","Buy","","1.15811","1.16676","","","","","","",""
"1370","2026-06-16 05:00:00 EDT","ORDER_FILL","MARKET_ORDER","EUR/USD","1.16067","1000.00","Buy","0.1260","","","","0.00000","0.0000","","0.00000","","96663.27"
"1371","2026-06-16 05:00:00 EDT","TAKE_PROFIT_ORDER","ON_FILL","","1.16676","","","","","","","","","","","",""
"1372","2026-06-16 05:00:00 EDT","STOP_LOSS_ORDER","ON_FILL","","1.15811","","","","","","","","","","","",""
"1373","2026-06-16 09:00:00 EDT","MARKET_ORDER","CLIENT_ORDER","GBP/USD","","1000.00","Buy","","1.33983","1.34601","","","","","","",""
"1374","2026-06-16 09:00:00 EDT","ORDER_FILL","MARKET_ORDER","GBP/USD","1.34169","1000.00","Buy","0.1191","","","","0.00000","0.0000","","0.00000","","96663.27"
"1375","2026-06-16 09:00:00 EDT","TAKE_PROFIT_ORDER","ON_FILL","","1.34601","","","","","","","","","","","",""
"1376","2026-06-16 09:00:00 EDT","STOP_LOSS_ORDER","ON_FILL","","1.33983","","","","","","","","","","","",""
"1377","2026-06-16 10:00:00 EDT","MARKET_ORDER","CLIENT_ORDER","GBP/USD","","1000.00","Sell","","1.34377","1.33603","","","","","","",""
"1378","2026-06-16 10:00:00 EDT","ORDER_FILL","MARKET_ORDER","GBP/USD","1.34096","1000.00","Sell","0.1330","","","","0.00000","0.0000","","0.00000","","96663.27"
"1379","2026-06-16 10:00:00 EDT","TAKE_PROFIT_ORDER","ON_FILL","","1.33603","","","","","","","","","","","",""
"1380","2026-06-16 10:00:00 EDT","STOP_LOSS_ORDER","ON_FILL","","1.34377","","","","","","","","","","","",""
"1381","2026-06-16 11:55:15 EDT","ORDER_FILL","STOP_LOSS_ORDER","GBP/USD","1.34377","1000.00","Buy","0.1259","","","","0.00000","0.0000","1.4124","-3.96870","","96659.30"
"1382","2026-06-16 11:55:15 EDT","ORDER_CANCEL","LINKED_TRADE_CLOSED","","","","","","","","","","","","","",""
"1383","2026-06-16 12:00:00 EDT","MARKET_ORDER","CLIENT_ORDER","GBP/USD","","1000.00","Buy","","1.34056","1.34878","","","","","","",""
"1384","2026-06-16 12:00:00 EDT","ORDER_FILL","MARKET_ORDER","GBP/USD","1.34385","1000.00","Buy","0.1259","","","","0.00000","0.0000","","0.00000","","96659.30"
"1385","2026-06-16 12:00:00 EDT","TAKE_PROFIT_ORDER","ON_FILL","","1.34878","","","","","","","","","","","",""
"1386","2026-06-16 12:00:00 EDT","STOP_LOSS_ORDER","ON_FILL","","1.34056","","","","","","","","","","","",""
"1387","2026-06-16 17:00:00 EDT","DAILY_FINANCING","","","","","","","","","","-0.84750","","","","","96658.46"
"","2026-06-16 17:00:00 EDT","DAILY_FINANCING","Trade ID: 1370","EUR/USD","","","","","","","","-0.44410","","","","",""
"","2026-06-16 17:00:00 EDT","DAILY_FINANCING","Trade ID: 1374","GBP/USD","","","","","","","","-0.20170","","","","",""
"","2026-06-16 17:00:00 EDT","DAILY_FINANCING","Trade ID: 1384","GBP/USD","","","","","","","","-0.20170","","","","",""
"1388","2026-06-17 07:24:44 EDT","ORDER_FILL","STOP_LOSS_ORDER","GBP/USD","1.34055","1000.00","Sell","0.1401","","","","0.00000","0.0000","1.4154","-4.67090","","96653.79"
"1389","2026-06-17 07:24:44 EDT","ORDER_CANCEL","LINKED_TRADE_CLOSED","","","","","","","","","","","","","",""
"1390","2026-06-17 09:00:00 EDT","MARKET_ORDER","CLIENT_ORDER","GBP/USD","","1000.00","Buy","","1.33954","1.34503","","","","","","",""
"1391","2026-06-17 09:00:00 EDT","ORDER_FILL","MARKET_ORDER","GBP/USD","1.34161","1000.00","Buy","0.1401","","","","0.00000","0.0000","","0.00000","","96653.79"
"1392","2026-06-17 09:00:00 EDT","TAKE_PROFIT_ORDER","ON_FILL","","1.34503","","","","","","","","","","","",""
"1393","2026-06-17 09:00:00 EDT","STOP_LOSS_ORDER","ON_FILL","","1.33954","","","","","","","","","","","",""
"1394","2026-06-17 10:37:01 EDT","ORDER_FILL","STOP_LOSS_ORDER","GBP/USD","1.33982","1000.00","Sell","0.1331","","","","0.00000","0.0000","1.4151","-2.64620","","96651.14"
"1395","2026-06-17 10:37:01 EDT","ORDER_CANCEL","LINKED_TRADE_CLOSED","","","","","","","","","","","","","",""
"1396","2026-06-17 10:47:15 EDT","ORDER_FILL","STOP_LOSS_ORDER","GBP/USD","1.33954","1000.00","Sell","0.1402","","","","0.00000","0.0000","1.4155","-2.93010","","96648.21"
"1397","2026-06-17 10:47:15 EDT","ORDER_CANCEL","LINKED_TRADE_CLOSED","","","","","","","","","","","","","",""
"1398","2026-06-17 10:47:28 EDT","ORDER_FILL","STOP_LOSS_ORDER","EUR/USD","1.15810","1000.00","Sell","0.1262","","","","0.00000","0.0000","1.4159","-3.63880","","96644.57"
"1399","2026-06-17 10:47:28 EDT","ORDER_CANCEL","LINKED_TRADE_CLOSED","","","","","","","","","","","","","",""
"1400","2026-06-18 05:00:00 EDT","MARKET_ORDER","CLIENT_ORDER","EUR/USD","","1000.00","Sell","","1.15304","1.13634","","","","","","",""
"1401","2026-06-18 05:00:00 EDT","ORDER_FILL","MARKET_ORDER","EUR/USD","1.14825","1000.00","Sell","0.1200","","","","0.00000","0.0000","","0.00000","","96644.57"
"1402","2026-06-18 05:00:00 EDT","TAKE_PROFIT_ORDER","ON_FILL","","1.13634","","","","","","","","","","","",""
"1403","2026-06-18 05:00:00 EDT","STOP_LOSS_ORDER","ON_FILL","","1.15304","","","","","","","","","","","",""
"1404","2026-06-18 11:00:00 EDT","MARKET_ORDER","CLIENT_ORDER","GBP/USD","","1000.00","Buy","","1.31945","1.33400","","","","","","",""
"1405","2026-06-18 11:00:00 EDT","ORDER_FILL","MARKET_ORDER","GBP/USD","1.32534","1000.00","Buy","0.1059","","","","0.00000","0.0000","","0.00000","","96644.57"
"1406","2026-06-18 11:00:00 EDT","TAKE_PROFIT_ORDER","ON_FILL","","1.33400","","","","","","","","","","","",""
"1407","2026-06-18 11:00:00 EDT","STOP_LOSS_ORDER","ON_FILL","","1.31945","","","","","","","","","","","",""
"1408","2026-06-18 15:04:35 EDT","ORDER_FILL","STOP_LOSS_ORDER","GBP/USD","1.31944","1000.00","Sell","0.1485","","","","0.00000","0.0000","1.4285","-8.42800","","96636.14"
"1409","2026-06-18 15:04:35 EDT","ORDER_CANCEL","LINKED_TRADE_CLOSED","","","","","","","","","","","","","",""
"1410","2026-06-18 17:00:00 EDT","DAILY_FINANCING","","","","","","","","","","0.02060","","","","","96636.16"
"","2026-06-18 17:00:00 EDT","DAILY_FINANCING","Trade ID: 1401","EUR/USD","","","","","","","","0.02060","","","","",""
"1411","2026-06-19 10:00:00 EDT","MARKET_ORDER","CLIENT_ORDER","GBP/USD","","1000.00","Sell","","1.32460","1.31772","","","","","","",""
"1412","2026-06-19 10:00:00 EDT","ORDER_FILL","MARKET_ORDER","GBP/USD","1.32195","1000.00","Sell","0.1275","","","","0.00000","0.0000","","0.00000","","96636.16"
"1413","2026-06-19 10:00:00 EDT","TAKE_PROFIT_ORDER","ON_FILL","","1.31772","","","","","","","","","","","",""
"1414","2026-06-19 10:00:00 EDT","STOP_LOSS_ORDER","ON_FILL","","1.32460","","","","","","","","","","","",""
"1415","2026-06-19 11:00:00 EDT","MARKET_ORDER","CLIENT_ORDER","GBP/USD","","1000.00","Buy","","1.31837","1.33469","","","","","","",""
"1416","2026-06-19 11:00:00 EDT","ORDER_FILL","MARKET_ORDER","GBP/USD","1.32313","1000.00","Buy","0.1276","","","","0.00000","0.0000","","0.00000","","96636.16"
"1417","2026-06-19 11:00:00 EDT","TAKE_PROFIT_ORDER","ON_FILL","","1.33469","","","","","","","","","","","",""
"1418","2026-06-19 11:00:00 EDT","STOP_LOSS_ORDER","ON_FILL","","1.31837","","","","","","","","","","","",""
"1419","2026-06-19 16:58:21 EDT","ORDER_FILL","STOP_LOSS_ORDER","GBP/USD","1.32460","1000.00","Buy","1.4154","","","","0.00000","0.0000","1.4296","-3.78850","","96632.37"
"1420","2026-06-19 16:58:21 EDT","ORDER_CANCEL","LINKED_TRADE_CLOSED","","","","","","","","","","","","","",""
"1421","2026-06-19 17:00:00 EDT","DAILY_FINANCING","","","","","","","","","","-0.03050","","","","","96632.34"
"","2026-06-19 17:00:00 EDT","DAILY_FINANCING","Trade ID: 1401","EUR/USD","","","","","","","","0.01980","","","","",""
"","2026-06-19 17:00:00 EDT","DAILY_FINANCING","Trade ID: 1416","GBP/USD","","","","","","","","-0.05030","","","","",""
"1422","2026-06-20 17:00:00 EDT","DAILY_FINANCING","","","","","","","","","","0.00000","","","","","96632.34"
"","2026-06-20 17:00:00 EDT","DAILY_FINANCING","Trade ID: 1401","EUR/USD","","","","","","","","0.00000","","","","",""
"","2026-06-20 17:00:00 EDT","DAILY_FINANCING","Trade ID: 1416","GBP/USD","","","","","","","","0.00000","","","","",""
"1423","2026-06-21 17:00:00 EDT","DAILY_FINANCING","","","","","","","","","","0.00000","","","","","96632.34"
"","2026-06-21 17:00:00 EDT","DAILY_FINANCING","Trade ID: 1401","EUR/USD","","","","","","","","0.00000","","","","",""
"","2026-06-21 17:00:00 EDT","DAILY_FINANCING","Trade ID: 1416","GBP/USD","","","","","","","","0.00000","","","","",""
"1424","2026-06-21 22:02:17 EDT","MARKET_ORDER","TRADE_CLOSE","EUR/USD","","1000.00","Buy","","","","","","","","","",""
"1425","2026-06-21 22:02:17 EDT","ORDER_FILL","MARKET_ORDER_TRADE_CLOSE","EUR/USD","1.14641","1000.00","Buy","0.1134","","","","0.00000","0.0000","1.4039","2.58320","","96634.93"
"1426","2026-06-21 22:02:17 EDT","ORDER_CANCEL","LINKED_TRADE_CLOSED","","","","","","","","","","","","","",""
"1427","2026-06-21 22:02:17 EDT","ORDER_CANCEL","LINKED_TRADE_CLOSED","","","","","","","","","","","","","",""
"1428","2026-06-22 04:16:58 EDT","ORDER_FILL","STOP_LOSS_ORDER","GBP/USD","1.31837","1000.00","Sell","0.1347","","","","0.00000","0.0000","1.4321","-6.81660","","96628.11"
"1429","2026-06-22 04:16:58 EDT","ORDER_CANCEL","LINKED_TRADE_CLOSED","","","","","","","","","","","","","",""
"1430","2026-06-23 05:00:00 EDT","MARKET_ORDER","CLIENT_ORDER","EUR/USD","","1000.00","Sell","","1.14434","1.13204","","","","","","",""
"1431","2026-06-23 05:00:00 EDT","ORDER_FILL","MARKET_ORDER","EUR/USD","1.14073","1000.00","Sell","0.1205","","","","0.00000","0.0000","","0.00000","","96628.11"
"1432","2026-06-23 05:00:00 EDT","TAKE_PROFIT_ORDER","ON_FILL","","1.13204","","","","","","","","","","","",""
"1433","2026-06-23 05:00:00 EDT","STOP_LOSS_ORDER","ON_FILL","","1.14434","","","","","","","","","","","",""
"1434","2026-06-23 05:00:00 EDT","MARKET_ORDER","CLIENT_ORDER","EUR/USD","","1000.00","Sell","","1.14434","1.13204","","","","","","",""
"1435","2026-06-23 05:00:00 EDT","ORDER_FILL","MARKET_ORDER","EUR/USD","1.14073","1000.00","Sell","0.1205","","","","0.00000","0.0000","","0.00000","","96628.11"
"1436","2026-06-23 05:00:00 EDT","TAKE_PROFIT_ORDER","ON_FILL","","1.13204","","","","","","","","","","","",""
"1437","2026-06-23 05:00:00 EDT","STOP_LOSS_ORDER","ON_FILL","","1.14434","","","","","","","","","","","",""
"1438","2026-06-23 11:00:01 EDT","MARKET_ORDER","CLIENT_ORDER","GBP/USD","","1000.00","Sell","","1.32390","1.31392","","","","","","",""
"1439","2026-06-23 11:00:01 EDT","ORDER_FILL","MARKET_ORDER","GBP/USD","1.32002","1000.00","Sell","0.1136","","","","0.00000","0.0000","","0.00000","","96628.11"
"1440","2026-06-23 11:00:01 EDT","TAKE_PROFIT_ORDER","ON_FILL","","1.31392","","","","","","","","","","","",""
"1441","2026-06-23 11:00:01 EDT","STOP_LOSS_ORDER","ON_FILL","","1.32390","","","","","","","","","","","",""
"1442","2026-06-23 11:00:01 EDT","MARKET_ORDER","CLIENT_ORDER","GBP/USD","","1000.00","Sell","","1.32391","1.31391","","","","","","",""
"1443","2026-06-23 11:00:01 EDT","ORDER_FILL","MARKET_ORDER","GBP/USD","1.32002","1000.00","Sell","0.1136","","","","0.00000","0.0000","","0.00000","","96628.11"
"1444","2026-06-23 11:00:01 EDT","TAKE_PROFIT_ORDER","ON_FILL","","1.31391","","","","","","","","","","","",""
"1445","2026-06-23 11:00:01 EDT","STOP_LOSS_ORDER","ON_FILL","","1.32391","","","","","","","","","","","",""
"1446","2026-06-23 17:00:00 EDT","DAILY_FINANCING","","","","","","","","","","-0.05920","","","","","96628.05"
"","2026-06-23 17:00:00 EDT","DAILY_FINANCING","Trade ID: 1431","EUR/USD","","","","","","","","0.02280","","","","",""
"","2026-06-23 17:00:00 EDT","DAILY_FINANCING","Trade ID: 1435","EUR/USD","","","","","","","","0.02280","","","","",""
"","2026-06-23 17:00:00 EDT","DAILY_FINANCING","Trade ID: 1439","GBP/USD","","","","","","","","-0.05240","","","","",""
"","2026-06-23 17:00:00 EDT","DAILY_FINANCING","Trade ID: 1443","GBP/USD","","","","","","","","-0.05240","","","","",""
"1447","2026-06-24 17:00:00 EDT","DAILY_FINANCING","","","","","","","","","","-0.18000","","","","","96627.87"
"","2026-06-24 17:00:00 EDT","DAILY_FINANCING","Trade ID: 1431","EUR/USD","","","","","","","","0.06710","","","","",""
"","2026-06-24 17:00:00 EDT","DAILY_FINANCING","Trade ID: 1435","EUR/USD","","","","","","","","0.06710","","","","",""
"","2026-06-24 17:00:00 EDT","DAILY_FINANCING","Trade ID: 1439","GBP/USD","","","","","","","","-0.15710","","","","",""
"","2026-06-24 17:00:00 EDT","DAILY_FINANCING","Trade ID: 1443","GBP/USD","","","","","","","","-0.15710","","","","",""
"1448","2026-06-25 09:00:00 EDT","MARKET_ORDER","CLIENT_ORDER","GBP/USD","","1000.00","Buy","","1.31457","1.32531","","","","","","",""
"1449","2026-06-25 09:00:00 EDT","ORDER_FILL","MARKET_ORDER","GBP/USD","1.31766","1000.00","Buy","0.1281","","","","0.00000","0.0000","","0.00000","","96627.87"
"1450","2026-06-25 09:00:00 EDT","TAKE_PROFIT_ORDER","ON_FILL","","1.32531","","","","","","","","","","","",""
"1451","2026-06-25 09:00:00 EDT","STOP_LOSS_ORDER","ON_FILL","","1.31457","","","","","","","","","","","",""
"1452","2026-06-25 09:00:00 EDT","MARKET_ORDER","CLIENT_ORDER","GBP/USD","","1000.00","Buy","","1.31457","1.32531","","","","","","",""
"1453","2026-06-25 09:00:00 EDT","ORDER_FILL","MARKET_ORDER","GBP/USD","1.31766","1000.00","Buy","0.1281","","","","0.00000","0.0000","","0.00000","","96627.87"
"1454","2026-06-25 09:00:00 EDT","TAKE_PROFIT_ORDER","ON_FILL","","1.32531","","","","","","","","","","","",""
"1455","2026-06-25 09:00:00 EDT","STOP_LOSS_ORDER","ON_FILL","","1.31457","","","","","","","","","","","",""
"1456","2026-06-25 17:00:00 EDT","DAILY_FINANCING","","","","","","","","","","-0.16520","","","","","96627.71"
"","2026-06-25 17:00:00 EDT","DAILY_FINANCING","Trade ID: 1431","EUR/USD","","","","","","","","0.02320","","","","",""
"","2026-06-25 17:00:00 EDT","DAILY_FINANCING","Trade ID: 1435","EUR/USD","","","","","","","","0.02320","","","","",""
"","2026-06-25 17:00:00 EDT","DAILY_FINANCING","Trade ID: 1449","GBP/USD","","","","","","","","-0.05290","","","","",""
"","2026-06-25 17:00:00 EDT","DAILY_FINANCING","Trade ID: 1453","GBP/USD","","","","","","","","-0.05290","","","","",""
"","2026-06-25 17:00:00 EDT","DAILY_FINANCING","Trade ID: 1439","GBP/USD","","","","","","","","-0.05290","","","","",""
"","2026-06-25 17:00:00 EDT","DAILY_FINANCING","Trade ID: 1443","GBP/USD","","","","","","","","-0.05290","","","","",""
"1457","2026-06-26 11:00:00 EDT","MARKET_ORDER","CLIENT_ORDER","GBP/USD","","1000.00","Sell","","1.32288","1.31625","","","","","","",""
"1458","2026-06-26 11:00:00 EDT","ORDER_FILL","MARKET_ORDER","GBP/USD","1.31968","1000.00","Sell","0.1207","","","","0.00000","0.0000","","0.00000","","96627.71"
"1459","2026-06-26 11:00:00 EDT","TAKE_PROFIT_ORDER","ON_FILL","","1.31625","","","","","","","","","","","",""
"1460","2026-06-26 11:00:00 EDT","STOP_LOSS_ORDER","ON_FILL","","1.32288","","","","","","","","","","","",""
"1461","2026-06-26 11:00:00 EDT","MARKET_ORDER","CLIENT_ORDER","GBP/USD","","1000.00","Sell","","1.32289","1.31624","","","","","","",""
"1462","2026-06-26 11:00:00 EDT","ORDER_FILL","MARKET_ORDER","GBP/USD","1.31968","1000.00","Sell","0.1207","","","","0.00000","0.0000","","0.00000","","96627.71"
"1463","2026-06-26 11:00:00 EDT","TAKE_PROFIT_ORDER","ON_FILL","","1.31624","","","","","","","","","","","",""
"1464","2026-06-26 11:00:00 EDT","STOP_LOSS_ORDER","ON_FILL","","1.32289","","","","","","","","","","","",""
"1465","2026-06-26 17:00:00 EDT","DAILY_FINANCING","","","","","","","","","","-0.24800","","","","","96627.46"
"","2026-06-26 17:00:00 EDT","DAILY_FINANCING","Trade ID: 1431","EUR/USD","","","","","","","","0.04300","","","","",""
"","2026-06-26 17:00:00 EDT","DAILY_FINANCING","Trade ID: 1435","EUR/USD","","","","","","","","0.04300","","","","",""
"","2026-06-26 17:00:00 EDT","DAILY_FINANCING","Trade ID: 1449","GBP/USD","","","","","","","","-0.06220","","","","",""
"","2026-06-26 17:00:00 EDT","DAILY_FINANCING","Trade ID: 1453","GBP/USD","","","","","","","","-0.06220","","","","",""
"","2026-06-26 17:00:00 EDT","DAILY_FINANCING","Trade ID: 1439","GBP/USD","","","","","","","","-0.05240","","","","",""
"","2026-06-26 17:00:00 EDT","DAILY_FINANCING","Trade ID: 1443","GBP/USD","","","","","","","","-0.05240","","","","",""
"","2026-06-26 17:00:00 EDT","DAILY_FINANCING","Trade ID: 1458","GBP/USD","","","","","","","","-0.05240","","","","",""
"","2026-06-26 17:00:00 EDT","DAILY_FINANCING","Trade ID: 1462","GBP/USD","","","","","","","","-0.05240","","","","",""
"1466","2026-06-27 17:00:00 EDT","DAILY_FINANCING","","","","","","","","","","0.00000","","","","","96627.46"
"","2026-06-27 17:00:00 EDT","DAILY_FINANCING","Trade ID: 1431","EUR/USD","","","","","","","","0.00000","","","","",""
"","2026-06-27 17:00:00 EDT","DAILY_FINANCING","Trade ID: 1435","EUR/USD","","","","","","","","0.00000","","","","",""
"","2026-06-27 17:00:00 EDT","DAILY_FINANCING","Trade ID: 1449","GBP/USD","","","","","","","","0.00000","","","","",""
"","2026-06-27 17:00:00 EDT","DAILY_FINANCING","Trade ID: 1453","GBP/USD","","","","","","","","0.00000","","","","",""
"","2026-06-27 17:00:00 EDT","DAILY_FINANCING","Trade ID: 1439","GBP/USD","","","","","","","","0.00000","","","","",""
"","2026-06-27 17:00:00 EDT","DAILY_FINANCING","Trade ID: 1443","GBP/USD","","","","","","","","0.00000","","","","",""
"","2026-06-27 17:00:00 EDT","DAILY_FINANCING","Trade ID: 1458","GBP/USD","","","","","","","","0.00000","","","","",""
"","2026-06-27 17:00:00 EDT","DAILY_FINANCING","Trade ID: 1462","GBP/USD","","","","","","","","0.00000","","","","",""
"1467","2026-06-28 17:00:00 EDT","DAILY_FINANCING","","","","","","","","","","0.00000","","","","","96627.46"
"","2026-06-28 17:00:00 EDT","DAILY_FINANCING","Trade ID: 1431","EUR/USD","","","","","","","","0.00000","","","","",""
"","2026-06-28 17:00:00 EDT","DAILY_FINANCING","Trade ID: 1435","EUR/USD","","","","","","","","0.00000","","","","",""
"","2026-06-28 17:00:00 EDT","DAILY_FINANCING","Trade ID: 1449","GBP/USD","","","","","","","","0.00000","","","","",""
"","2026-06-28 17:00:00 EDT","DAILY_FINANCING","Trade ID: 1453","GBP/USD","","","","","","","","0.00000","","","","",""
"","2026-06-28 17:00:00 EDT","DAILY_FINANCING","Trade ID: 1439","GBP/USD","","","","","","","","0.00000","","","","",""
"","2026-06-28 17:00:00 EDT","DAILY_FINANCING","Trade ID: 1443","GBP/USD","","","","","","","","0.00000","","","","",""
"","2026-06-28 17:00:00 EDT","DAILY_FINANCING","Trade ID: 1458","GBP/USD","","","","","","","","0.00000","","","","",""
"","2026-06-28 17:00:00 EDT","DAILY_FINANCING","Trade ID: 1462","GBP/USD","","","","","","","","0.00000","","","","",""
"1468","2026-06-29 02:57:22 EDT","ORDER_FILL","STOP_LOSS_ORDER","GBP/USD","1.32290","1000.00","Buy","0.1347","","","","0.00000","0.0000","1.4318","-4.61030","","96622.85"
"1469","2026-06-29 02:57:22 EDT","ORDER_CANCEL","LINKED_TRADE_CLOSED","","","","","","","","","","","","","",""
"1470","2026-06-29 02:57:22 EDT","ORDER_FILL","STOP_LOSS_ORDER","GBP/USD","1.32290","1000.00","Buy","0.1347","","","","0.00000","0.0000","1.4318","-4.61030","","96618.24"
"1471","2026-06-29 02:57:22 EDT","ORDER_CANCEL","LINKED_TRADE_CLOSED","","","","","","","","","","","","","",""
"1472","2026-06-29 08:33:52 EDT","ORDER_FILL","STOP_LOSS_ORDER","GBP/USD","1.32390","1000.00","Buy","0.1349","","","","0.00000","0.0000","1.4345","-5.56580","","96612.67"
"1473","2026-06-29 08:33:52 EDT","ORDER_CANCEL","LINKED_TRADE_CLOSED","","","","","","","","","","","","","",""
"1474","2026-06-29 08:33:59 EDT","ORDER_FILL","STOP_LOSS_ORDER","GBP/USD","1.32392","1000.00","Buy","0.1278","","","","0.00000","0.0000","1.4344","-5.59420","","96607.08"
"1475","2026-06-29 08:33:59 EDT","ORDER_CANCEL","LINKED_TRADE_CLOSED","","","","","","","","","","","","","",""
"1476","2026-06-29 12:00:14 EDT","ORDER_FILL","TAKE_PROFIT_ORDER","GBP/USD","1.32532","1000.00","Sell","0.1279","","","","0.00000","0.0000","1.4070","10.77790","","96617.86"
"1477","2026-06-29 12:00:14 EDT","ORDER_CANCEL","LINKED_TRADE_CLOSED","","","","","","","","","","","","","",""
"1478","2026-06-29 12:00:14 EDT","ORDER_FILL","TAKE_PROFIT_ORDER","GBP/USD","1.32532","1000.00","Sell","0.1279","","","","0.00000","0.0000","1.4070","10.77790","","96628.63"
"1479","2026-06-29 12:00:14 EDT","ORDER_CANCEL","LINKED_TRADE_CLOSED","","","","","","","","","","","","","",""
"1480","2026-06-29 17:00:00 EDT","DAILY_FINANCING","","","","","","","","","","0.04140","","","","","96628.67"
"","2026-06-29 17:00:00 EDT","DAILY_FINANCING","Trade ID: 1431","EUR/USD","","","","","","","","0.02070","","","","",""
"","2026-06-29 17:00:00 EDT","DAILY_FINANCING","Trade ID: 1435","EUR/USD","","","","","","","","0.02070","","","","",""
"1481","2026-06-30 05:00:00 EDT","MARKET_ORDER","CLIENT_ORDER","EUR/USD","","100000.00","Sell","","1.14140","1.13424","","","","","","",""
"1482","2026-06-30 05:00:00 EDT","ORDER_FILL","MARKET_ORDER","EUR/USD","1.13929","100000.00","Sell","12.0981","","","","0.00000","0.0000","","0.00000","","96628.67"
"1483","2026-06-30 05:00:00 EDT","TAKE_PROFIT_ORDER","ON_FILL","","1.13424","","","","","","","","","","","",""
"1484","2026-06-30 05:00:00 EDT","STOP_LOSS_ORDER","ON_FILL","","1.14140","","","","","","","","","","","",""
"1485","2026-06-30 10:15:41 EDT","ORDER_FILL","STOP_LOSS_ORDER","EUR/USD","1.14140","100000.00","Buy","12.7810","","","","0.00000","0.0000","1.4343","-302.63960","","96326.04"
"1486","2026-06-30 10:15:41 EDT","ORDER_CANCEL","LINKED_TRADE_CLOSED","","","","","","","","","","","","","",""
"1487","2026-06-30 11:39:14 EDT","MARKET_ORDER","TRADE_CLOSE","EUR/USD","","1000.00","Buy","","","","","","","","","",""
"1488","2026-06-30 11:39:14 EDT","ORDER_FILL","MARKET_ORDER_TRADE_CLOSE","EUR/USD","1.14213","1000.00","Buy","0.1136","","","","0.00000","0.0000","1.4348","-2.00870","","96324.03"
"1489","2026-06-30 11:39:14 EDT","ORDER_CANCEL","LINKED_TRADE_CLOSED","","","","","","","","","","","","","",""
"1490","2026-06-30 11:39:14 EDT","ORDER_CANCEL","LINKED_TRADE_CLOSED","","","","","","","","","","","","","",""
"1491","2026-06-30 11:39:18 EDT","MARKET_ORDER","TRADE_CLOSE","EUR/USD","","1000.00","Buy","","","","","","","","","",""
"1492","2026-06-30 11:39:18 EDT","ORDER_FILL","MARKET_ORDER_TRADE_CLOSE","EUR/USD","1.14209","1000.00","Buy","0.1065","","","","0.00000","0.0000","1.4348","-1.95140","","96322.07"
"1493","2026-06-30 11:39:18 EDT","ORDER_CANCEL","LINKED_TRADE_CLOSED","","","","","","","","","","","","","",""
"1494","2026-06-30 11:39:18 EDT","ORDER_CANCEL","LINKED_TRADE_CLOSED","","","","","","","","","","","","","",""
"1495","2026-07-01 06:00:05 EDT","MARKET_ORDER","CLIENT_ORDER","EUR/USD","","100000.00","Sell","","1.14080","1.13375","","","","","","",""
"1496","2026-07-01 06:00:05 EDT","ORDER_FILL","MARKET_ORDER","EUR/USD","1.13872","100000.00","Sell","11.3797","","","","0.00000","0.0000","","0.00000","","96322.07"
"1497","2026-07-01 06:00:05 EDT","TAKE_PROFIT_ORDER","ON_FILL","","1.13375","","","","","","","","","","","",""
"1498","2026-07-01 06:00:05 EDT","STOP_LOSS_ORDER","ON_FILL","","1.14080","","","","","","","","","","","",""
"1499","2026-07-01 09:45:25 EDT","ORDER_FILL","STOP_LOSS_ORDER","EUR/USD","1.14081","100000.00","Buy","10.6466","","","","0.00000","0.0000","1.4337","-299.65070","","96022.42"
"1500","2026-07-01 09:45:25 EDT","ORDER_CANCEL","LINKED_TRADE_CLOSED","","","","","","","","","","","","","",""
"1501","2026-07-02 09:00:00 EDT","MARKET_ORDER","CLIENT_ORDER","GBP/USD","","100000.00","Buy","","1.32974","1.34558","","","","","","",""
"1502","2026-07-02 09:00:00 EDT","ORDER_FILL","MARKET_ORDER","GBP/USD","1.33661","100000.00","Buy","12.7577","","","","0.00000","0.0000","","0.00000","","96022.42"
"1503","2026-07-02 09:00:00 EDT","TAKE_PROFIT_ORDER","ON_FILL","","1.34558","","","","","","","","","","","",""
"1504","2026-07-02 09:00:00 EDT","STOP_LOSS_ORDER","ON_FILL","","1.32974","","","","","","","","","","","",""
"1505","2026-07-02 17:00:00 EDT","DAILY_FINANCING","","","","","","","","","","-5.13230","","","","","96017.29"
"","2026-07-02 17:00:00 EDT","DAILY_FINANCING","Trade ID: 1502","GBP/USD","","","","","","","","-5.13230","","","","",""
"1506","2026-07-03 17:00:00 EDT","DAILY_FINANCING","","","","","","","","","","-5.29920","","","","","96011.99"
"","2026-07-03 17:00:00 EDT","DAILY_FINANCING","Trade ID: 1502","GBP/USD","","","","","","","","-5.29920","","","","",""
"1507","2026-07-04 17:00:00 EDT","DAILY_FINANCING","","","","","","","","","","0.00000","","","","","96011.99"
"","2026-07-04 17:00:00 EDT","DAILY_FINANCING","Trade ID: 1502","GBP/USD","","","","","","","","0.00000","","","","",""
"1508","2026-07-05 17:00:00 EDT","DAILY_FINANCING","","","","","","","","","","0.00000","","","","","96011.99"
"","2026-07-05 17:00:00 EDT","DAILY_FINANCING","Trade ID: 1502","GBP/USD","","","","","","","","0.00000","","","","",""
"1509","2026-07-06 11:00:01 EDT","MARKET_ORDER","CLIENT_ORDER","GBP/USD","","100000.00","Buy","","1.33333","1.33799","","","","","","",""
"1510","2026-07-06 11:00:01 EDT","ORDER_FILL","MARKET_ORDER","GBP/USD","1.33571","100000.00","Buy","11.3798","","","","0.00000","0.0000","","0.00000","","96011.99"
"1511","2026-07-06 11:00:01 EDT","TAKE_PROFIT_ORDER","ON_FILL","","1.33799","","","","","","","","","","","",""
"1512","2026-07-06 11:00:01 EDT","STOP_LOSS_ORDER","ON_FILL","","1.33333","","","","","","","","","","","",""
"1513","2026-07-06 13:28:58 EDT","ORDER_FILL","TAKE_PROFIT_ORDER","GBP/USD","1.33800","100000.00","Sell","10.6599","","","","0.00000","0.0000","1.4071","322.22750","","96334.22"
"1514","2026-07-06 13:28:58 EDT","ORDER_CANCEL","LINKED_TRADE_CLOSED","","","","","","","","","","","","","",""
"1515","2026-07-06 17:00:00 EDT","DAILY_FINANCING","","","","","","","","","","-5.31550","","","","","96328.90"
"","2026-07-06 17:00:00 EDT","DAILY_FINANCING","Trade ID: 1502","GBP/USD","","","","","","","","-5.31550","","","","",""
"1516","2026-07-07 17:00:00 EDT","DAILY_FINANCING","","","","","","","","","","-5.24920","","","","","96323.66"
"","2026-07-07 17:00:00 EDT","DAILY_FINANCING","Trade ID: 1502","GBP/USD","","","","","","","","-5.24920","","","","",""
"1517","2026-07-08 05:00:00 EDT","MARKET_ORDER","CLIENT_ORDER","EUR/USD","","100000.00","Sell","","1.14367","1.13444","","","","","","",""
"1518","2026-07-08 05:00:00 EDT","ORDER_FILL","MARKET_ORDER","EUR/USD","1.14098","100000.00","Sell","12.0393","","","","0.00000","0.0000","","0.00000","","96323.66"
"1519","2026-07-08 05:00:00 EDT","TAKE_PROFIT_ORDER","ON_FILL","","1.13444","","","","","","","","","","","",""
"1520","2026-07-08 05:00:00 EDT","STOP_LOSS_ORDER","ON_FILL","","1.14367","","","","","","","","","","","",""
"1521","2026-07-08 05:00:00 EDT","MARKET_ORDER","CLIENT_ORDER","EUR/USD","","100000.00","Sell","","1.14370","1.13434","","","","","","",""
"1522","2026-07-08 05:00:00 EDT","ORDER_FILL","MARKET_ORDER","EUR/USD","1.14098","100000.00","Sell","12.0393","","","","0.00000","0.0000","","0.00000","","96323.66"
"1523","2026-07-08 05:00:00 EDT","TAKE_PROFIT_ORDER","ON_FILL","","1.13434","","","","","","","","","","","",""
"1524","2026-07-08 05:00:00 EDT","STOP_LOSS_ORDER","ON_FILL","","1.14370","","","","","","","","","","","",""
"1525","2026-07-08 05:00:00 EDT","MARKET_ORDER","CLIENT_ORDER","EUR/USD","","100000.00","Sell","","1.14370","1.13434","","","","","","",""
"1526","2026-07-08 05:00:00 EDT","ORDER_FILL","MARKET_ORDER","EUR/USD","1.14098","100000.00","Sell","12.0393","","","","0.00000","0.0000","","0.00000","","96323.66"
"1527","2026-07-08 05:00:00 EDT","TAKE_PROFIT_ORDER","ON_FILL","","1.13434","","","","","","","","","","","",""
"1528","2026-07-08 05:00:00 EDT","STOP_LOSS_ORDER","ON_FILL","","1.14370","","","","","","","","","","","",""
"1529","2026-07-08 10:00:00 EDT","MARKET_ORDER","CLIENT_ORDER","GBP/USD","","100000.00","Buy","","1.33216","1.34388","","","","","","",""
"1530","2026-07-08 10:00:00 EDT","ORDER_FILL","MARKET_ORDER","GBP/USD","1.33719","100000.00","Buy","13.4666","","","","0.00000","0.0000","","0.00000","","96323.66"
"1531","2026-07-08 10:00:00 EDT","TAKE_PROFIT_ORDER","ON_FILL","","1.34388","","","","","","","","","","","",""
"1532","2026-07-08 10:00:00 EDT","STOP_LOSS_ORDER","ON_FILL","","1.33216","","","","","","","","","","","",""
"1533","2026-07-08 10:00:00 EDT","MARKET_ORDER","CLIENT_ORDER","GBP/USD","","100000.00","Buy","","1.33216","1.34389","","","","","","",""
"1534","2026-07-08 10:00:00 EDT","ORDER_FILL","MARKET_ORDER","GBP/USD","1.33719","100000.00","Buy","14.1752","","","","0.00000","0.0000","","0.00000","","96323.66"
"1535","2026-07-08 10:00:00 EDT","TAKE_PROFIT_ORDER","ON_FILL","","1.34389","","","","","","","","","","","",""
"1536","2026-07-08 10:00:00 EDT","STOP_LOSS_ORDER","ON_FILL","","1.33216","","","","","","","","","","","",""
"1537","2026-07-08 17:00:00 EDT","DAILY_FINANCING","","","","","","","","","","-29.08830","","","","","96294.57"
"","2026-07-08 17:00:00 EDT","DAILY_FINANCING","Trade ID: 1518","EUR/USD","","","","","","","","6.05640","","","","",""
"","2026-07-08 17:00:00 EDT","DAILY_FINANCING","Trade ID: 1522","EUR/USD","","","","","","","","6.05640","","","","",""
"","2026-07-08 17:00:00 EDT","DAILY_FINANCING","Trade ID: 1526","EUR/USD","","","","","","","","6.05640","","","","",""
"","2026-07-08 17:00:00 EDT","DAILY_FINANCING","Trade ID: 1502","GBP/USD","","","","","","","","-15.75250","","","","",""
"","2026-07-08 17:00:00 EDT","DAILY_FINANCING","Trade ID: 1530","GBP/USD","","","","","","","","-15.75250","","","","",""
"","2026-07-08 17:00:00 EDT","DAILY_FINANCING","Trade ID: 1534","GBP/USD","","","","","","","","-15.75250","","","","",""
"1538","2026-07-09 02:02:45 EDT","ORDER_FILL","STOP_LOSS_ORDER","EUR/USD","1.14368","100000.00","Buy","10.6234","","","","0.00000","0.0000","1.4306","-386.26860","","95908.30"
"1539","2026-07-09 02:02:45 EDT","ORDER_CANCEL","LINKED_TRADE_CLOSED","","","","","","","","","","","","","",""
"1540","2026-07-09 02:02:45 EDT","ORDER_FILL","STOP_LOSS_ORDER","EUR/USD","1.14370","100000.00","Buy","10.6232","","","","0.00000","0.0000","1.4306","-389.11890","","95519.18"
"1541","2026-07-09 02:02:45 EDT","ORDER_CANCEL","LINKED_TRADE_CLOSED","","","","","","","","","","","","","",""
"1542","2026-07-09 02:02:45 EDT","ORDER_FILL","STOP_LOSS_ORDER","EUR/USD","1.14370","100000.00","Buy","10.6232","","","","0.00000","0.0000","1.4306","-389.11890","","95130.06"
"1543","2026-07-09 02:02:45 EDT","ORDER_CANCEL","LINKED_TRADE_CLOSED","","","","","","","","","","","","","",""
"1544","2026-07-09 17:00:00 EDT","DAILY_FINANCING","","","","","","","","","","-15.76890","","","","","95114.29"
"","2026-07-09 17:00:00 EDT","DAILY_FINANCING","Trade ID: 1502","GBP/USD","","","","","","","","-5.25630","","","","",""
"","2026-07-09 17:00:00 EDT","DAILY_FINANCING","Trade ID: 1530","GBP/USD","","","","","","","","-5.25630","","","","",""
"","2026-07-09 17:00:00 EDT","DAILY_FINANCING","Trade ID: 1534","GBP/USD","","","","","","","","-5.25630","","","","",""
"1545","2026-07-09 22:08:01 EDT","ORDER_FILL","TAKE_PROFIT_ORDER","GBP/USD","1.34389","100000.00","Sell","14.8578","","","","0.00000","0.0000","1.4009","938.58940","","96052.88"
"1546","2026-07-09 22:08:01 EDT","ORDER_CANCEL","LINKED_TRADE_CLOSED","","","","","","","","","","","","","",""
"1547","2026-07-09 22:08:01 EDT","ORDER_FILL","TAKE_PROFIT_ORDER","GBP/USD","1.34389","100000.00","Sell","14.8578","","","","0.00000","0.0000","1.4009","938.58940","","96991.47"
"1548","2026-07-09 22:08:01 EDT","ORDER_CANCEL","LINKED_TRADE_CLOSED","","","","","","","","","","","","","",""
"1549","2026-07-10 17:00:00 EDT","DAILY_FINANCING","","","","","","","","","","-5.19710","","","","","96986.27"
"","2026-07-10 17:00:00 EDT","DAILY_FINANCING","Trade ID: 1502","GBP/USD","","","","","","","","-5.19710","","","","",""
"1550","2026-07-11 17:00:00 EDT","DAILY_FINANCING","","","","","","","","","","0.00000","","","","","96986.27"
"","2026-07-11 17:00:00 EDT","DAILY_FINANCING","Trade ID: 1502","GBP/USD","","","","","","","","0.00000","","","","",""
"1551","2026-07-12 17:00:00 EDT","DAILY_FINANCING","","","","","","","","","","0.00000","","","","","96986.27"
"","2026-07-12 17:00:00 EDT","DAILY_FINANCING","Trade ID: 1502","GBP/USD","","","","","","","","0.00000","","","","",""
"1552","2026-07-13 11:00:01 EDT","MARKET_ORDER","CLIENT_ORDER","EUR/USD","","100000.00","Sell","","1.14509","1.12946","","","","","","",""
"1553","2026-07-13 11:00:01 EDT","ORDER_FILL","MARKET_ORDER","EUR/USD","1.14054","100000.00","Sell","10.6074","","","","0.00000","0.0000","","0.00000","","96986.27"
"1554","2026-07-13 11:00:01 EDT","TAKE_PROFIT_ORDER","ON_FILL","","1.12946","","","","","","","","","","","",""
"1555","2026-07-13 11:00:01 EDT","STOP_LOSS_ORDER","ON_FILL","","1.14509","","","","","","","","","","","",""
"1556","2026-07-13 17:00:00 EDT","DAILY_FINANCING","","","","","","","","","","-3.44520","","","","","96982.83"
"","2026-07-13 17:00:00 EDT","DAILY_FINANCING","Trade ID: 1553","EUR/USD","","","","","","","","1.83530","","","","",""
"","2026-07-13 17:00:00 EDT","DAILY_FINANCING","Trade ID: 1502","GBP/USD","","","","","","","","-5.28050","","","","",""
"1557","2026-07-14 08:30:03 EDT","ORDER_FILL","STOP_LOSS_ORDER","EUR/USD","1.14515","100000.00","Buy","70.3855","","","","0.00000","0.0000","1.4218","-655.44390","","96327.38"
"1558","2026-07-14 08:30:03 EDT","ORDER_CANCEL","LINKED_TRADE_CLOSED","","","","","","","","","","","","","",""
"1559","2026-07-14 09:00:00 EDT","MARKET_ORDER","CLIENT_ORDER","EUR/USD","","100000.00","Buy","","1.13792","1.16132","","","","","","",""
"1560","2026-07-14 09:00:00 EDT","ORDER_FILL","MARKET_ORDER","EUR/USD","1.14464","100000.00","Buy","10.5554","","","","0.00000","0.0000","","0.00000","","96327.38"
"1561","2026-07-14 09:00:00 EDT","TAKE_PROFIT_ORDER","ON_FILL","","1.16132","","","","","","","","","","","",""
"1562","2026-07-14 09:00:00 EDT","STOP_LOSS_ORDER","ON_FILL","","1.13792","","","","","","","","","","","",""
"1563","2026-07-14 17:00:00 EDT","DAILY_FINANCING","","","","","","","","","","-16.09560","","","","","96311.29"
"","2026-07-14 17:00:00 EDT","DAILY_FINANCING","Trade ID: 1560","EUR/USD","","","","","","","","-10.88590","","","","",""
"","2026-07-14 17:00:00 EDT","DAILY_FINANCING","Trade ID: 1502","GBP/USD","","","","","","","","-5.20970","","","","",""
"1564","2026-07-15 09:00:00 EDT","MARKET_ORDER","CLIENT_ORDER","GBP/USD","","100000.00","Buy","","1.33703","1.35145","","","","","","",""
"1565","2026-07-15 09:00:00 EDT","ORDER_FILL","MARKET_ORDER","GBP/USD","1.34296","100000.00","Buy","11.9456","","","","0.00000","0.0000","","0.00000","","96311.29"
"1566","2026-07-15 09:00:00 EDT","TAKE_PROFIT_ORDER","ON_FILL","","1.35145","","","","","","","","","","","",""
"1567","2026-07-15 09:00:00 EDT","STOP_LOSS_ORDER","ON_FILL","","1.33703","","","","","","","","","","","",""
"1568","2026-07-15 10:34:33 EDT","ORDER_FILL","TAKE_PROFIT_ORDER","GBP/USD","1.34559","100000.00","Sell","11.9466","","","","0.00000","0.0000","1.3914","1249.49980","","97560.79"
"1569","2026-07-15 10:34:33 EDT","ORDER_CANCEL","LINKED_TRADE_CLOSED","","","","","","","","","","","","","",""
"1570","2026-07-15 12:46:48 EDT","ORDER_FILL","TAKE_PROFIT_ORDER","GBP/USD","1.35145","100000.00","Sell","10.5394","","","","0.00000","0.0000","1.3912","1181.13510","","98741.92"
"1571","2026-07-15 12:46:48 EDT","ORDER_CANCEL","LINKED_TRADE_CLOSED","","","","","","","","","","","","","",""
"1572","2026-07-15 13:00:00 EDT","MARKET_ORDER","CLIENT_ORDER","GBP/USD","","100000.00","Buy","","1.33703","1.36121","","","","","","",""
"1573","2026-07-15 13:00:00 EDT","ORDER_FILL","MARKET_ORDER","GBP/USD","1.35271","100000.00","Buy","12.6436","","","","0.00000","0.0000","","0.00000","","98741.92"
"1574","2026-07-15 13:00:00 EDT","TAKE_PROFIT_ORDER","ON_FILL","","1.36121","","","","","","","","","","","",""
"1575","2026-07-15 13:00:00 EDT","STOP_LOSS_ORDER","ON_FILL","","1.33703","","","","","","","","","","","",""
"1576","2026-07-15 17:00:00 EDT","DAILY_FINANCING","","","","","","","","","","-48.38410","","","","","98693.54"
"","2026-07-15 17:00:00 EDT","DAILY_FINANCING","Trade ID: 1560","EUR/USD","","","","","","","","-32.60300","","","","",""
"","2026-07-15 17:00:00 EDT","DAILY_FINANCING","Trade ID: 1573","GBP/USD","","","","","","","","-15.78110","","","","",""
"1577","2026-07-16 17:00:00 EDT","DAILY_FINANCING","","","","","","","","","","-15.98810","","","","","98677.55"
"","2026-07-16 17:00:00 EDT","DAILY_FINANCING","Trade ID: 1560","EUR/USD","","","","","","","","-10.80350","","","","",""
"","2026-07-16 17:00:00 EDT","DAILY_FINANCING","Trade ID: 1573","GBP/USD","","","","","","","","-5.18460","","","","",""